affiliation_as_published,public_person_record_count,record_type
"2012 Labs, Huawei",1,affiliation_label_not_verified_organization
42dot,1,affiliation_label_not_verified_organization
A*STAR,1,affiliation_label_not_verified_organization
AFRL,1,affiliation_label_not_verified_organization
AI Robot Association,1,affiliation_label_not_verified_organization
"AI and Integrated Computer Systems (AIICS), Linköping University",1,affiliation_label_not_verified_organization
AICIA. G41099946,1,affiliation_label_not_verified_organization
AIOZ,1,affiliation_label_not_verified_organization
AIRO - IDLab - University of Ghent - IMEC,1,affiliation_label_not_verified_organization
AIST,2,affiliation_label_not_verified_organization
AIST Japan,1,affiliation_label_not_verified_organization
AIT Austrian Institute of Technology GmbH,1,affiliation_label_not_verified_organization
AIT Austrian Institute of Technology GmbH - Tufts University,1,affiliation_label_not_verified_organization
AMD,1,affiliation_label_not_verified_organization
ASU,1,affiliation_label_not_verified_organization
ATHENA RC,1,affiliation_label_not_verified_organization
Aalborg University,5,affiliation_label_not_verified_organization
Aalto University,5,affiliation_label_not_verified_organization
Aberystwyth University,3,affiliation_label_not_verified_organization
Academy of Military Sciences,1,affiliation_label_not_verified_organization
Action Intelligence,1,affiliation_label_not_verified_organization
Adelaide University,1,affiliation_label_not_verified_organization
Adobe,1,affiliation_label_not_verified_organization
Advanced Industrial Science and Technology,1,affiliation_label_not_verified_organization
Advanced Laser Technology Lab of Anhui Province,2,affiliation_label_not_verified_organization
Advanced Machines,1,affiliation_label_not_verified_organization
Advanced Micro Devices (AMD),1,affiliation_label_not_verified_organization
"Advanced Micro Devices (AMD), Inc",1,affiliation_label_not_verified_organization
Aeronautic Science and Engineering at Beihang University,1,affiliation_label_not_verified_organization
"Aerospace Information research Institute,Chinese Academy of Sciences",2,affiliation_label_not_verified_organization
Affiliation: Skolkovo Institute of Science and Technology,1,affiliation_label_not_verified_organization
Agency for Defense Development,1,affiliation_label_not_verified_organization
"Agency for Science, Technology and Research",1,affiliation_label_not_verified_organization
"Agency for Science, Technology and Research (A*STAR)",4,affiliation_label_not_verified_organization
Agile Robots SE,1,affiliation_label_not_verified_organization
Agility Robotics,1,affiliation_label_not_verified_organization
AiRiA,1,affiliation_label_not_verified_organization
Air Force Research Lab,1,affiliation_label_not_verified_organization
Air Force Research Laboratory,1,affiliation_label_not_verified_organization
"Aix Marseille Univ., CNRS, ISM, Marseille, France",1,affiliation_label_not_verified_organization
Aix Marseille University,1,affiliation_label_not_verified_organization
"Aix-Marseille University, CNRS, ISM",4,affiliation_label_not_verified_organization
Aix-Marseille University/CNRS,1,affiliation_label_not_verified_organization
Ajou University,4,affiliation_label_not_verified_organization
Albert-Ludwigs-Universität Freiburg,1,affiliation_label_not_verified_organization
Albert–Ludwigs–Universität Freiburg,1,affiliation_label_not_verified_organization
Alibaba,1,affiliation_label_not_verified_organization
Alibaba Amap,3,affiliation_label_not_verified_organization
Alibaba Group,3,affiliation_label_not_verified_organization
"Alibaba Group, China",1,affiliation_label_not_verified_organization
Alibaba-inc,1,affiliation_label_not_verified_organization
Alma Mater Studiorum - Università di Bologna,1,affiliation_label_not_verified_organization
AlphaZ-ai,1,affiliation_label_not_verified_organization
"Amap, Alibaba Group",6,affiliation_label_not_verified_organization
Amap， Alibaba Group,1,affiliation_label_not_verified_organization
Amazon,10,affiliation_label_not_verified_organization
"Amazon Frontier AI & Robotics; incoming Assistant Professor, University of Pennsylvania",1,affiliation_label_not_verified_organization
Amazon Inc,1,affiliation_label_not_verified_organization
Amazon Robotics,4,affiliation_label_not_verified_organization
Amazon Web Services,1,affiliation_label_not_verified_organization
Amazon.com,1,affiliation_label_not_verified_organization
"Amazon.com, Inc.",1,affiliation_label_not_verified_organization
"Analog Devices, Inc.",1,affiliation_label_not_verified_organization
Anhui University,1,affiliation_label_not_verified_organization
Anhui University of Technology,3,affiliation_label_not_verified_organization
Anitron,1,affiliation_label_not_verified_organization
Ant Group,1,affiliation_label_not_verified_organization
Aoyama Gakuin University,2,affiliation_label_not_verified_organization
Apple,1,affiliation_label_not_verified_organization
"Applied Scientist, Amazon FAR",1,affiliation_label_not_verified_organization
Argonne National Lab,1,affiliation_label_not_verified_organization
Aristotle University of Thessaloniki,3,affiliation_label_not_verified_organization
Arizona State University,27,affiliation_label_not_verified_organization
Arizona State of University,1,affiliation_label_not_verified_organization
Army Research Laboratory (ARL),1,affiliation_label_not_verified_organization
Artificial Intelligence Association of Thailand,1,affiliation_label_not_verified_organization
"Artpark, IISc",1,affiliation_label_not_verified_organization
"Assistant Professor of Robotics and Mechatronics Engineering at DGIST, South Korea.",1,affiliation_label_not_verified_organization
"Assistant Professor, Arizona State University",1,affiliation_label_not_verified_organization
"Assistant Professor, Georgia Tech",1,affiliation_label_not_verified_organization
"Assistant Professor, Harvard University",1,affiliation_label_not_verified_organization
"Associate Professor at Simon Fraser University, British Columbia, Canada.",1,affiliation_label_not_verified_organization
Associate Professor • UCL,1,affiliation_label_not_verified_organization
Astemo,1,affiliation_label_not_verified_organization
Astrobotic,5,affiliation_label_not_verified_organization
Astrobotic Technology,1,affiliation_label_not_verified_organization
Astrobotic Technology Inc,2,affiliation_label_not_verified_organization
Athena RC,1,affiliation_label_not_verified_organization
Athena Research Center,2,affiliation_label_not_verified_organization
Athena Research Centre,1,affiliation_label_not_verified_organization
Atlantic Technological University,3,affiliation_label_not_verified_organization
Atlantic Technological University Sligo,1,affiliation_label_not_verified_organization
Aumovio,1,affiliation_label_not_verified_organization
Australian Institute of Marine Science,1,affiliation_label_not_verified_organization
Australian National University,2,affiliation_label_not_verified_organization
Austrian Institute of Technology,2,affiliation_label_not_verified_organization
Autodesk Research,1,affiliation_label_not_verified_organization
BMW,1,affiliation_label_not_verified_organization
BMW AG,2,affiliation_label_not_verified_organization
BMW Group,1,affiliation_label_not_verified_organization
BUAA,1,affiliation_label_not_verified_organization
Baidu,1,affiliation_label_not_verified_organization
"Bar Ilan University, Israel",1,affiliation_label_not_verified_organization
Beckhoff,2,affiliation_label_not_verified_organization
BeiHang University,1,affiliation_label_not_verified_organization
Beihang University,68,affiliation_label_not_verified_organization
Beihang Unverisity,1,affiliation_label_not_verified_organization
Beihang university,1,affiliation_label_not_verified_organization
Beijing Academy of Agriculture and Forestry Sciences,3,affiliation_label_not_verified_organization
Beijing Academy of Artificial Intelligence,2,affiliation_label_not_verified_organization
Beijing Forestry University,1,affiliation_label_not_verified_organization
"Beijing Galbot Co., Ltd",1,affiliation_label_not_verified_organization
Beijing Innovation Center of Humanoid Robotics,2,affiliation_label_not_verified_organization
Beijing Insititute of Technology,1,affiliation_label_not_verified_organization
Beijing Institude of Technology,1,affiliation_label_not_verified_organization
Beijing Institude of technology,1,affiliation_label_not_verified_organization
Beijing Institute Of Technology,1,affiliation_label_not_verified_organization
Beijing Institute for General Artificial Intelligence,3,affiliation_label_not_verified_organization
Beijing Institute of Control Engineering,2,affiliation_label_not_verified_organization
Beijing Institute of Graphic Communication,1,affiliation_label_not_verified_organization
Beijing Institute of Technology,82,affiliation_label_not_verified_organization
Beijing Institute of Technology School of Mechatronical Engineering,1,affiliation_label_not_verified_organization
Beijing Institute of Technology school,1,affiliation_label_not_verified_organization
Beijing Institute of technology,4,affiliation_label_not_verified_organization
Beijing Jiaotong University,6,affiliation_label_not_verified_organization
"Beijing Jiaotong University, Beijing, China",1,affiliation_label_not_verified_organization
Beijing Lingxin Qiaoshou,1,affiliation_label_not_verified_organization
Beijing Normal-Hong Kong Baptist University,1,affiliation_label_not_verified_organization
Beijing Research Center of Intelligent Equipment for Agriculture,1,affiliation_label_not_verified_organization
Beijing Univeristy of Technology,1,affiliation_label_not_verified_organization
Beijing University Of Technology,3,affiliation_label_not_verified_organization
Beijing University of Chemical Technology,4,affiliation_label_not_verified_organization
Beijing University of Posts and Telecommunication,1,affiliation_label_not_verified_organization
Beijing University of Posts and Telecommunications,6,affiliation_label_not_verified_organization
Beijing University of Posts and Telecommunications / Tsinghua University,1,affiliation_label_not_verified_organization
Beijing University of Technology,6,affiliation_label_not_verified_organization
Beijing University of technology,2,affiliation_label_not_verified_organization
Beijing institute of Technology,1,affiliation_label_not_verified_organization
Beijing institute of technology,1,affiliation_label_not_verified_organization
Ben Gurion University,2,affiliation_label_not_verified_organization
Ben-Gurion University,1,affiliation_label_not_verified_organization
Ben-Gurion University of the Negev,2,affiliation_label_not_verified_organization
Bielefeld University,3,affiliation_label_not_verified_organization
Bielefeld University / Fraunhofer IOSB-INA,1,affiliation_label_not_verified_organization
Binghamton University,12,affiliation_label_not_verified_organization
Birmingham University,1,affiliation_label_not_verified_organization
Bogazici University,1,affiliation_label_not_verified_organization
Bosch,2,affiliation_label_not_verified_organization
Bosch Center for AI,1,affiliation_label_not_verified_organization
Bosch Center for Artificial Intelligence,3,affiliation_label_not_verified_organization
Bosch Corporate Research,1,affiliation_label_not_verified_organization
Bosch GmbH,1,affiliation_label_not_verified_organization
Bosch Research; Carnegie Bosch Institute at CMU,1,affiliation_label_not_verified_organization
Bosch research,1,affiliation_label_not_verified_organization
"Boston Children's Hospital, Harvard Medical School",3,affiliation_label_not_verified_organization
Boston Dynamics AI Institute,3,affiliation_label_not_verified_organization
Boston Univeristy,1,affiliation_label_not_verified_organization
Boston University,12,affiliation_label_not_verified_organization
Brigham Young University,3,affiliation_label_not_verified_organization
Brown,1,affiliation_label_not_verified_organization
Brown University,12,affiliation_label_not_verified_organization
Bundeswehr University Munich,1,affiliation_label_not_verified_organization
Bytedance,2,affiliation_label_not_verified_organization
CALTECH,1,affiliation_label_not_verified_organization
CARIAD SE,3,affiliation_label_not_verified_organization
CARIAD SE & University of Freiburg,1,affiliation_label_not_verified_organization
CAS,1,affiliation_label_not_verified_organization
CASIA: Chinese Academy of Sciences Institute of Automation,1,affiliation_label_not_verified_organization
CAU(chung-ang university),1,affiliation_label_not_verified_organization
CCDC U.S. Army Research Laboratory,1,affiliation_label_not_verified_organization
CEO • XELA Robotics,1,affiliation_label_not_verified_organization
"CEO, Daimon Robotics",1,affiliation_label_not_verified_organization
"CEO, XELA Robotics",1,affiliation_label_not_verified_organization
"CIIRC, CVUT",1,affiliation_label_not_verified_organization
CMU,5,affiliation_label_not_verified_organization
CNRS,5,affiliation_label_not_verified_organization
CNRS - LORIA,1,affiliation_label_not_verified_organization
CNRS / Aix-Marseille Univ.,1,affiliation_label_not_verified_organization
CNRS-AIST JRL,2,affiliation_label_not_verified_organization
CNRS-AIST JRL (Joint Robotics Laboratory),1,affiliation_label_not_verified_organization
CNRS-AIST Joint Robotics Laboratory,1,affiliation_label_not_verified_organization
COWAROBOT Co. Ltd.,2,affiliation_label_not_verified_organization
"CSAIL, MIT",1,affiliation_label_not_verified_organization
CSIRO,2,affiliation_label_not_verified_organization
"CTU FEE, Departement of Computer Science",1,affiliation_label_not_verified_organization
CUHKSZ,1,affiliation_label_not_verified_organization
Ca' Foscari University,1,affiliation_label_not_verified_organization
Ca' Foscari University of Venice,1,affiliation_label_not_verified_organization
"Cadence Design Systems, Inc.",1,affiliation_label_not_verified_organization
California Institute of Technology,20,affiliation_label_not_verified_organization
California Institute of Technology (Caltech),1,affiliation_label_not_verified_organization
Caltech,5,affiliation_label_not_verified_organization
Canonical Robots,1,affiliation_label_not_verified_organization
Cardiff Univerity,1,affiliation_label_not_verified_organization
Cardiff University,1,affiliation_label_not_verified_organization
Carl Zeiss AG,4,affiliation_label_not_verified_organization
Carleton University,1,affiliation_label_not_verified_organization
Carnegie Mellon University,166,affiliation_label_not_verified_organization
"Carnegie Mellon University, Brown University",1,affiliation_label_not_verified_organization
"Carnegie Mellon University, Robotics Institute",2,affiliation_label_not_verified_organization
"Carnegie Mellon University, USA",5,affiliation_label_not_verified_organization
Carnegie Mellon Unversity,1,affiliation_label_not_verified_organization
Carnegie mellon university,1,affiliation_label_not_verified_organization
Case Western Reserve University,17,affiliation_label_not_verified_organization
Centennial High School,1,affiliation_label_not_verified_organization
Center for Advanced Aerospace Technologies,1,affiliation_label_not_verified_organization
Center for Advanced Aerospace Technologies (CATEC),3,affiliation_label_not_verified_organization
"Center for Artificial Intelligence and Robotics, Graduate School at Shenzhen, Tsinghua University, 518055 Shenzhen, China",2,affiliation_label_not_verified_organization
"Central Saint Martins, University of the Arts London",1,affiliation_label_not_verified_organization
Central South University,1,affiliation_label_not_verified_organization
Centro Federal de Educação Tecnológica de Minas Gerais,2,affiliation_label_not_verified_organization
Centro di Ricerca E. Piaggio - Università di Pisa,1,affiliation_label_not_verified_organization
Certis,1,affiliation_label_not_verified_organization
Certis Group,1,affiliation_label_not_verified_organization
Chalmers University Of Technology,1,affiliation_label_not_verified_organization
Chalmers University of Technology,3,affiliation_label_not_verified_organization
"Chalmers University of Technology, University College London",1,affiliation_label_not_verified_organization
Changsha University of Science and Technology,1,affiliation_label_not_verified_organization
"Chief AI Officer, Generative Bionics (IIT), Italy",1,affiliation_label_not_verified_organization
"Chief Science Officer, Tangent Robotics",1,affiliation_label_not_verified_organization
China Academy of Aerospace System and Innovation,1,affiliation_label_not_verified_organization
China Academy of Information and Communications Technology,1,affiliation_label_not_verified_organization
China Academy of Launch Vehicle Technology,2,affiliation_label_not_verified_organization
China Academy of Launch and Vehicle Technology,3,affiliation_label_not_verified_organization
China Aerospace Science and Technology Corporation,1,affiliation_label_not_verified_organization
China Agricultural University,5,affiliation_label_not_verified_organization
China Jiliang University,1,affiliation_label_not_verified_organization
China Merchants Group,1,affiliation_label_not_verified_organization
China Merchants Lion Rock AI Lab,1,affiliation_label_not_verified_organization
"China Mobile Communications Group Shaanxi Co.,Ltd.",1,affiliation_label_not_verified_organization
China Mobile Group Hunan Company Limited,1,affiliation_label_not_verified_organization
"China Mobile Group Shaanxi Co., Ltd.",1,affiliation_label_not_verified_organization
"China North Information Control Research Institute Group Co., Ltd.",1,affiliation_label_not_verified_organization
China Telecom,1,affiliation_label_not_verified_organization
China University of Mining and Technology,7,affiliation_label_not_verified_organization
Chinese Academy of Science,1,affiliation_label_not_verified_organization
"Chinese Academy of Science, Institute of Automation",1,affiliation_label_not_verified_organization
Chinese Academy of Sciences,12,affiliation_label_not_verified_organization
Chinese Academy of Sciences Institute of Automation,1,affiliation_label_not_verified_organization
Chinese Academy of Sciences Technology and Engineering Center for Space Utilization,1,affiliation_label_not_verified_organization
Chinese Acdamy of Sciences,1,affiliation_label_not_verified_organization
Chinese Univ Hong Kong (CUHK) & National Univ Singapore(NUS),1,affiliation_label_not_verified_organization
Chinese University of Hong Kong,5,affiliation_label_not_verified_organization
"Chinese University of Hong Kong, Shenzhen",4,affiliation_label_not_verified_organization
Chinese University of Hongkong shenzhen,1,affiliation_label_not_verified_organization
Chinese univerisity of HongKong,1,affiliation_label_not_verified_organization
Chittagong University of Engineering & Technology,2,affiliation_label_not_verified_organization
"Chongqing Institute of Green and Intelligent Technology, Chinese Academy of Sciences, Chongqing, China.",1,affiliation_label_not_verified_organization
Chongqing Jiaotong University,5,affiliation_label_not_verified_organization
Chongqing University,17,affiliation_label_not_verified_organization
Chongqing University of Posts and Telecommunications,4,affiliation_label_not_verified_organization
Chongqing Universty,1,affiliation_label_not_verified_organization
"Chongqing Vocational Institute of Engineering,Big Data and Internet of Things School,Chongqing",1,affiliation_label_not_verified_organization
Chongqing university,1,affiliation_label_not_verified_organization
Chonnam National University Hospital,3,affiliation_label_not_verified_organization
Chung-Ang University,3,affiliation_label_not_verified_organization
ChungAng University,1,affiliation_label_not_verified_organization
"Chunghwa Telecom Co., Ltd.",1,affiliation_label_not_verified_organization
Chuo University,7,affiliation_label_not_verified_organization
Chuo university,2,affiliation_label_not_verified_organization
City University of Hong Kong,10,affiliation_label_not_verified_organization
City University of Macau,1,affiliation_label_not_verified_organization
Clemson University,10,affiliation_label_not_verified_organization
Clemson University International Center for Automotive Research (CU-ICAR),2,affiliation_label_not_verified_organization
Cleveland State University,1,affiliation_label_not_verified_organization
Cluster Metaverse Lab,1,affiliation_label_not_verified_organization
Code19 Racing,1,affiliation_label_not_verified_organization
"College of Design Engineering, National University of Singapore",1,affiliation_label_not_verified_organization
"College of Mechatronics and Control Engineering, Shenzhen University",1,affiliation_label_not_verified_organization
Colorado School of Mines,9,affiliation_label_not_verified_organization
Colorado State University,3,affiliation_label_not_verified_organization
Columbia University,8,affiliation_label_not_verified_organization
"Columbia University, University of Illinois at Urbana Champaign",1,affiliation_label_not_verified_organization
Company,3,affiliation_label_not_verified_organization
Competence Industry Manufacturing 4.0 (CIM4.0),1,affiliation_label_not_verified_organization
Concordia University,6,affiliation_label_not_verified_organization
Constructor University,2,affiliation_label_not_verified_organization
Cornell University,18,affiliation_label_not_verified_organization
Cornell Unviersity,1,affiliation_label_not_verified_organization
Cowarobot,1,affiliation_label_not_verified_organization
Cpe Lyon,1,affiliation_label_not_verified_organization
Cranfield University,2,affiliation_label_not_verified_organization
CyberAgent,2,affiliation_label_not_verified_organization
"CyberAgent, Inc.",2,affiliation_label_not_verified_organization
Cytoderm Technology,1,affiliation_label_not_verified_organization
"Czech Institute of Informatics, Robotics and Cybernetics (CIIRC CTU)",2,affiliation_label_not_verified_organization
Czech Technical University,3,affiliation_label_not_verified_organization
Czech Technical University in Prague,13,affiliation_label_not_verified_organization
Czech Technical University in Prague (CTU),1,affiliation_label_not_verified_organization
"Czech Technical University in Prague, Czech Institute of Informatics, Robotics and Cybernetics",1,affiliation_label_not_verified_organization
"Czech Technical University in Prague, Faculty of Electrical Engineering",1,affiliation_label_not_verified_organization
Czech technical univeristy in Prague,1,affiliation_label_not_verified_organization
D-Robotics,2,affiliation_label_not_verified_organization
D-robotics,2,affiliation_label_not_verified_organization
DARPA,1,affiliation_label_not_verified_organization
DCS Corp. (Air Force Research Labs.),1,affiliation_label_not_verified_organization
DEVCOM Army Research Laboratory,5,affiliation_label_not_verified_organization
DEVCOM Army Research Labratory,1,affiliation_label_not_verified_organization
DEVCOM U.S. Army Research Laboratory,1,affiliation_label_not_verified_organization
DFKI,1,affiliation_label_not_verified_organization
DFKI GmbH,1,affiliation_label_not_verified_organization
DGIST,1,affiliation_label_not_verified_organization
DGIST (Daegu Gyeongbuk Institute of Science and Technology),2,affiliation_label_not_verified_organization
DIBULI,1,affiliation_label_not_verified_organization
DISCOVER Robotics,1,affiliation_label_not_verified_organization
DLR - Deutsches Zentrum für Luft- und Raumfahrt e.V.,1,affiliation_label_not_verified_organization
DLR - German Aerospace Center,1,affiliation_label_not_verified_organization
DSO National Laboratories,1,affiliation_label_not_verified_organization
Daegu Gyeongbuk Institute of Science & Technology,1,affiliation_label_not_verified_organization
Daegu Gyeongbuk Institute of Science and Technology,3,affiliation_label_not_verified_organization
Daegu Gyeongbuk Institute of Science and Technology (DGIST),1,affiliation_label_not_verified_organization
Dalhousie University,1,affiliation_label_not_verified_organization
Dalian Maritime University,5,affiliation_label_not_verified_organization
Dalian University Of Technology,1,affiliation_label_not_verified_organization
Dalian University of Technology,24,affiliation_label_not_verified_organization
Dalle Molle Institute for Artificial Intelligence (IDSIA),1,affiliation_label_not_verified_organization
Dartmouth College,9,affiliation_label_not_verified_organization
Deccan AI,5,affiliation_label_not_verified_organization
DeepMirror,2,affiliation_label_not_verified_organization
Defence Institute Of Advanced Technology,1,affiliation_label_not_verified_organization
Defence Institute of Advanced Technology,1,affiliation_label_not_verified_organization
Delft University of Technology,14,affiliation_label_not_verified_organization
Delft University of Technology (TU Delft),1,affiliation_label_not_verified_organization
Delhi Technological University,2,affiliation_label_not_verified_organization
Delta Electronics,1,affiliation_label_not_verified_organization
Delta Electronics Int'l (Singapore) Pte Ltd,2,affiliation_label_not_verified_organization
"Department of Automation,Tsinghua University",1,affiliation_label_not_verified_organization
"Department of Electronic Engineering, Tsinghua University, China",1,affiliation_label_not_verified_organization
"Department of Mechanical Engineering and Automation, Harbin Institute of Technology, Shenzhen 518052, P.R. China",1,affiliation_label_not_verified_organization
"Department of Radiation Oncology, University of Louisville",1,affiliation_label_not_verified_organization
"Department of Thoracic Surgery, Peking Union Medical College Hospital",1,affiliation_label_not_verified_organization
"Department of Visceral, Thoracic and Vascular Surgery, Hospital Carl Gustav Carus, Technische Universität Dresden",1,affiliation_label_not_verified_organization
"Department of priority oral care, Peking University School and Hospital of Stomatology",1,affiliation_label_not_verified_organization
Devialet Company,1,affiliation_label_not_verified_organization
Dexmal,3,affiliation_label_not_verified_organization
Dimension Gate,2,affiliation_label_not_verified_organization
Disney Research,5,affiliation_label_not_verified_organization
Disney Research Robotics,1,affiliation_label_not_verified_organization
"Division of Otolaryngology, Department of Surgery, The University of British Columbia",1,affiliation_label_not_verified_organization
Dolby Laboratories,3,affiliation_label_not_verified_organization
"Dolby Laboratories, Inc",1,affiliation_label_not_verified_organization
Dolby Labs,1,affiliation_label_not_verified_organization
Dongguan University of Technology,1,affiliation_label_not_verified_organization
Dongguk University,5,affiliation_label_not_verified_organization
Donghua University,7,affiliation_label_not_verified_organization
Donghua university,1,affiliation_label_not_verified_organization
Doungguk University,1,affiliation_label_not_verified_organization
Drexel University,3,affiliation_label_not_verified_organization
Drexel university,1,affiliation_label_not_verified_organization
Duke University,14,affiliation_label_not_verified_organization
"Duke University, University of California San Diego",1,affiliation_label_not_verified_organization
Durham University,1,affiliation_label_not_verified_organization
Dyson Institute Of Engineering & Technology,1,affiliation_label_not_verified_organization
"E-surfing Digital Life Technology Co., Ltd.",2,affiliation_label_not_verified_organization
"E-surfing Digital Life Technology Co., Ltd.‌",1,affiliation_label_not_verified_organization
"EFORT Intelligent Equipment Co., Ltd.",1,affiliation_label_not_verified_organization
ENEOS Corporation,2,affiliation_label_not_verified_organization
ENIB,1,affiliation_label_not_verified_organization
ENSTA,1,affiliation_label_not_verified_organization
"ENSTA Paris, Institut Polytechnique de Paris",3,affiliation_label_not_verified_organization
"ENSTA, Institut Polytechnique de Paris",1,affiliation_label_not_verified_organization
EPFL,11,affiliation_label_not_verified_organization
ETH,1,affiliation_label_not_verified_organization
ETH Zurich,48,affiliation_label_not_verified_organization
ETH ZÜRICH,1,affiliation_label_not_verified_organization
ETH Zürich,12,affiliation_label_not_verified_organization
"ETH Zürich, Department of Mechanical and Process Engineering, Micro-& Nanosystems",1,affiliation_label_not_verified_organization
ETHZ,1,affiliation_label_not_verified_organization
ETHZ - RSL,1,affiliation_label_not_verified_organization
ETHz,1,affiliation_label_not_verified_organization
East China Normal University,8,affiliation_label_not_verified_organization
East China University of Science and Technology,1,affiliation_label_not_verified_organization
Eastern Institute of Technology,1,affiliation_label_not_verified_organization
"Eastern Institute of Technology, Ningbo",3,affiliation_label_not_verified_organization
Ecole Centrale Lyon,1,affiliation_label_not_verified_organization
Ecole Centrale de Lyon,2,affiliation_label_not_verified_organization
Eidgenössische Technische Hochschule Zürich,2,affiliation_label_not_verified_organization
Eindhoven University of Technology,1,affiliation_label_not_verified_organization
Embry Riddle Aeronautical University-Daytona Beach,1,affiliation_label_not_verified_organization
Embry-Riddle Aeronautical University,1,affiliation_label_not_verified_organization
Esslingen University,1,affiliation_label_not_verified_organization
Esslingen University of Applied Sciences,2,affiliation_label_not_verified_organization
Evocortex GmbH,1,affiliation_label_not_verified_organization
Ewha Womans University,5,affiliation_label_not_verified_organization
Ewha womans university,1,affiliation_label_not_verified_organization
Expedia Group,1,affiliation_label_not_verified_organization
FBK,1,affiliation_label_not_verified_organization
FH Technikum Wien,1,affiliation_label_not_verified_organization
FNii,1,affiliation_label_not_verified_organization
FORTH,1,affiliation_label_not_verified_organization
FP Innovations,1,affiliation_label_not_verified_organization
FPInnovations,2,affiliation_label_not_verified_organization
FPT Software AI Center,1,affiliation_label_not_verified_organization
"FPT Software AI Center, Hanoi University of Science and Technology",1,affiliation_label_not_verified_organization
FPT University,4,affiliation_label_not_verified_organization
FRAMOS,2,affiliation_label_not_verified_organization
FZI Forschungszentrum Informatik,5,affiliation_label_not_verified_organization
FZI Karlsruhe,1,affiliation_label_not_verified_organization
Facebook Reality Labs,3,affiliation_label_not_verified_organization
"Faculty of Advanced Engineering, Tokyo University of Science",1,affiliation_label_not_verified_organization
Faculty of Electrical Engineering in Prague,1,affiliation_label_not_verified_organization
"Faculty of Electrical Engineering, Czech Technical University in Prague",3,affiliation_label_not_verified_organization
"Faculty of engineering, University of Rijeka",1,affiliation_label_not_verified_organization
Familiar Machines & Magic,1,affiliation_label_not_verified_organization
Federal University of Amazonas,1,affiliation_label_not_verified_organization
Federal University of Rio Grande (FURG),1,affiliation_label_not_verified_organization
Field AI,1,affiliation_label_not_verified_organization
"Field AI, Inc.",1,affiliation_label_not_verified_organization
FieldAI,3,affiliation_label_not_verified_organization
Flexiv,1,affiliation_label_not_verified_organization
Flexiv Pte. Ltd.,1,affiliation_label_not_verified_organization
Flinders University,1,affiliation_label_not_verified_organization
Florida Atlantic University,3,affiliation_label_not_verified_organization
Florida Institute for Human and Machine Cognition,1,affiliation_label_not_verified_organization
Florida International University,9,affiliation_label_not_verified_organization
Florida State University,7,affiliation_label_not_verified_organization
Fondazione Bruno Kessler,1,affiliation_label_not_verified_organization
Ford Motor Company,3,affiliation_label_not_verified_organization
Ford Otosan,1,affiliation_label_not_verified_organization
Foundation for Research and Technology – Hellas (FORTH),1,affiliation_label_not_verified_organization
Franka Emika GmbH,1,affiliation_label_not_verified_organization
Fraunhofer IPK,1,affiliation_label_not_verified_organization
Fraunhofer Institute for Production Systems and Design Technology IPK,3,affiliation_label_not_verified_organization
Fraunhofer Institute for Production Systems and DesignTechnology (IPK),1,affiliation_label_not_verified_organization
Fraunhofer-Institut für Arbeitswirtschaft und Organisation (IAO) and Reutlingen University,1,affiliation_label_not_verified_organization
Friedrich-Alexander-University Erlangen-Nuernberg,1,affiliation_label_not_verified_organization
Frontier Robotics,3,affiliation_label_not_verified_organization
Fudan Univerity,1,affiliation_label_not_verified_organization
Fudan Universerty,1,affiliation_label_not_verified_organization
Fudan University,45,affiliation_label_not_verified_organization
Fudan university,1,affiliation_label_not_verified_organization
Fujitsu,1,affiliation_label_not_verified_organization
Fujitsu Ltd.,1,affiliation_label_not_verified_organization
Fujitsu Research of America,2,affiliation_label_not_verified_organization
"Fujitsu Research of America, Inc.",1,affiliation_label_not_verified_organization
"Full Professor at Swiss Federal Technology Institute of Lausanne, Switzerland",1,affiliation_label_not_verified_organization
"Full Professor at the University of Glasgow, United Kingdom",1,affiliation_label_not_verified_organization
Full Professor • Stanford University,1,affiliation_label_not_verified_organization
Fuzhou University,1,affiliation_label_not_verified_organization
GAC Group,1,affiliation_label_not_verified_organization
GAC R&D CENTER,2,affiliation_label_not_verified_organization
GEBZE TECHNICAL UNIVERSITY,1,affiliation_label_not_verified_organization
GM,1,affiliation_label_not_verified_organization
Galbot,2,affiliation_label_not_verified_organization
Galbot Co. Ltd.,1,affiliation_label_not_verified_organization
Gebze Technical University,1,affiliation_label_not_verified_organization
General Motors Research and Development,1,affiliation_label_not_verified_organization
General Robotics,3,affiliation_label_not_verified_organization
Generative Bionics,1,affiliation_label_not_verified_organization
George Mason University,25,affiliation_label_not_verified_organization
George Washington University,2,affiliation_label_not_verified_organization
Georgia Institute of Technology,69,affiliation_label_not_verified_organization
Georgia Institute of technology,1,affiliation_label_not_verified_organization
Georgia Tech,7,affiliation_label_not_verified_organization
Georgia institute of Technology,1,affiliation_label_not_verified_organization
"German Aeroespace Center (DLR), Robotics and Mechatronics Center (RMC)",1,affiliation_label_not_verified_organization
German Aerospace Center (DLR),10,affiliation_label_not_verified_organization
German Aerospace Center - DLR,1,affiliation_label_not_verified_organization
"German Aerospace Center, Technical University of Munich",1,affiliation_label_not_verified_organization
German Research Center for Artificial Intelligence,1,affiliation_label_not_verified_organization
Ghent University,2,affiliation_label_not_verified_organization
GigaAI,2,affiliation_label_not_verified_organization
Google,6,affiliation_label_not_verified_organization
Google DeepMind,1,affiliation_label_not_verified_organization
Google LLC,1,affiliation_label_not_verified_organization
Google X,1,affiliation_label_not_verified_organization
"Graduate School of Informatics, Kyoto University",1,affiliation_label_not_verified_organization
"Graduate School of Infromatics, Kyoto University",1,affiliation_label_not_verified_organization
Graduate Teaching Assistant - University of Notre Dame,1,affiliation_label_not_verified_organization
Graz University of Technology,7,affiliation_label_not_verified_organization
"Graz, Technical University",1,affiliation_label_not_verified_organization
Great Bay University,4,affiliation_label_not_verified_organization
Guangdong Institute of Intelligence Science and Technology,6,affiliation_label_not_verified_organization
Guangdong Institute of intelligence Science and Technology,1,affiliation_label_not_verified_organization
"Guangdong Key Laboratory of Precision Equipment and Manufacturing Technology, South China University of Technology",1,affiliation_label_not_verified_organization
Guangdong Laboratory of Artificial Intelligence and Digital Econ- omy(SZ),1,affiliation_label_not_verified_organization
Guangdong Laboratory of Artificial Intelligence and Digital Economy (SZ),7,affiliation_label_not_verified_organization
Guangdong Laboratory of Artificial Intelligence and Digital Economy(SZ),1,affiliation_label_not_verified_organization
Guangdong Polytechnic Normal University,1,affiliation_label_not_verified_organization
Guangdong Technion Israel Institute of Technology,1,affiliation_label_not_verified_organization
Guangdong University of Technology,6,affiliation_label_not_verified_organization
Guangdong University of technology,1,affiliation_label_not_verified_organization
Guangdong polytechnic normal university,1,affiliation_label_not_verified_organization
"Guangzhou Automobile Group Co., Ltd.",1,affiliation_label_not_verified_organization
"Guangzhou Saite Intelligent Technology Co., Ltd.",1,affiliation_label_not_verified_organization
Guangzhou University,7,affiliation_label_not_verified_organization
Gwangju Institute of Science and Technology,11,affiliation_label_not_verified_organization
Gwangju Institute of Science and Technology (GIST),3,affiliation_label_not_verified_organization
Gwangju Institutue of Science and Technology,1,affiliation_label_not_verified_organization
Gwangju institute of science and technology,1,affiliation_label_not_verified_organization
Gyeongsang National University,1,affiliation_label_not_verified_organization
HKU,1,affiliation_label_not_verified_organization
HKUST,7,affiliation_label_not_verified_organization
HKUST (Guangzhou),1,affiliation_label_not_verified_organization
HKUST(GZ),4,affiliation_label_not_verified_organization
"HKUST, Robotics Institute",1,affiliation_label_not_verified_organization
HUAZHONG UNIVERSITY OF SCIENCE AND TECHNOLOGY,1,affiliation_label_not_verified_organization
HUN-REN Institute for Computer Science and Control (HUN-REN SZTAKI),5,affiliation_label_not_verified_organization
HUN-REN Institute for Computer Science and Control (HUN-REN SZTAKI) and Eötvös Loránd University (ELTE),2,affiliation_label_not_verified_organization
HUNAN UNIVERSITY,1,affiliation_label_not_verified_organization
HUST,1,affiliation_label_not_verified_organization
Halmstad University,1,affiliation_label_not_verified_organization
Hangzhou Dianzi University,7,affiliation_label_not_verified_organization
Hangzhou Innovation Institute of Beihang University,1,affiliation_label_not_verified_organization
Hangzhou Innovation Institute of Beihanga University,1,affiliation_label_not_verified_organization
"Hangzhou Innovation Institute,Beihang University",1,affiliation_label_not_verified_organization
"Hangzhou Institute For Advanced Study, UCAS",1,affiliation_label_not_verified_organization
"Hangzhou Institute for Advanced Study, UCAS",1,affiliation_label_not_verified_organization
"Hangzhou Institute for Advanced Study, University of Chinese Academy of Sciences",1,affiliation_label_not_verified_organization
"Hangzhou Institute for Advanced Study,UCAS",6,affiliation_label_not_verified_organization
Hangzhou innovation institute of Beihang university,1,affiliation_label_not_verified_organization
Hanoi University of Industry,1,affiliation_label_not_verified_organization
Hanoi University of Science and Technology,5,affiliation_label_not_verified_organization
Hanyang University,14,affiliation_label_not_verified_organization
Hanyang university,1,affiliation_label_not_verified_organization
Harbin Engineering University,4,affiliation_label_not_verified_organization
"Harbin Insitute of Technology, Shenzhen",1,affiliation_label_not_verified_organization
Harbin Institude of Technology,1,affiliation_label_not_verified_organization
Harbin Institute of Technology,27,affiliation_label_not_verified_organization
Harbin Institute of Technology (Shenzhen),5,affiliation_label_not_verified_organization
"Harbin Institute of Technology (Shenzhen), China",1,affiliation_label_not_verified_organization
Harbin Institute of Technology Shenzhen,6,affiliation_label_not_verified_organization
Harbin Institute of Technology(ShenZhen),1,affiliation_label_not_verified_organization
"Harbin Institute of Technology, ShenZhen",1,affiliation_label_not_verified_organization
"Harbin Institute of Technology, Shenzhen",35,affiliation_label_not_verified_organization
"Harbin Institute of Technology, Weihai",1,affiliation_label_not_verified_organization
"Harbin Institute of Techonology, Shenzhen",1,affiliation_label_not_verified_organization
"Harbin Institution of Technology, Shenzhen",1,affiliation_label_not_verified_organization
Harbin institute of Technology (Shenzhen),1,affiliation_label_not_verified_organization
Harbin institute of technology,1,affiliation_label_not_verified_organization
Harvard Medical School,2,affiliation_label_not_verified_organization
Harvard University,3,affiliation_label_not_verified_organization
Hebei University Of Engineering,1,affiliation_label_not_verified_organization
Hefei Institutes of Physical Science,1,affiliation_label_not_verified_organization
"Hefei Institutes of Physical Science, Chinese Academy of Sciences",1,affiliation_label_not_verified_organization
Hefei University of Technology,9,affiliation_label_not_verified_organization
Heidelberg University,1,affiliation_label_not_verified_organization
Heriot-Watt University,7,affiliation_label_not_verified_organization
Heriot-Watt university,1,affiliation_label_not_verified_organization
Hipert Srl,1,affiliation_label_not_verified_organization
Hiroshima University,1,affiliation_label_not_verified_organization
Hitachi America,1,affiliation_label_not_verified_organization
"Hitachi America, Ltd.",1,affiliation_label_not_verified_organization
"Hitachi, Ltd. / Waseda University",1,affiliation_label_not_verified_organization
Ho Chi Minh City University of Technology - Vietnam National University,1,affiliation_label_not_verified_organization
Hochschule Bonn-Rhein-Sieg,1,affiliation_label_not_verified_organization
Hokkaido University,1,affiliation_label_not_verified_organization
Holiday Robotics,2,affiliation_label_not_verified_organization
Honda R&D Co Ltd,1,affiliation_label_not_verified_organization
Honda R&D Co. Ltd.,1,affiliation_label_not_verified_organization
"Honda R&D Co., Ltd",1,affiliation_label_not_verified_organization
"Honda R&D Co., Ltd.",3,affiliation_label_not_verified_organization
Honda Research Institute - USA,1,affiliation_label_not_verified_organization
Honda Research Institute Europe GmbH,2,affiliation_label_not_verified_organization
Honda Research Institute USA,1,affiliation_label_not_verified_organization
"Honda Research Institute USA, Inc.",1,affiliation_label_not_verified_organization
"Honda Research Institute, US",1,affiliation_label_not_verified_organization
"Honda Research Institute, USA",3,affiliation_label_not_verified_organization
Hong Kong Polytechnic University,2,affiliation_label_not_verified_organization
Hong Kong University of Science and Technology,13,affiliation_label_not_verified_organization
Hong Kong University of Science and Technology (GuangZhou),1,affiliation_label_not_verified_organization
Hong Kong University of Science and Technology (Guangzhou),12,affiliation_label_not_verified_organization
Hong Kong university of Science and Technology(HKUST),1,affiliation_label_not_verified_organization
Hong kong university of science and technology,1,affiliation_label_not_verified_organization
HongKong University of Science and Technology (Guangzhou),1,affiliation_label_not_verified_organization
HongKong University of Science and Technology(Guangzhou),1,affiliation_label_not_verified_organization
Honor,1,affiliation_label_not_verified_organization
Hosei University,2,affiliation_label_not_verified_organization
HuNan University,1,affiliation_label_not_verified_organization
Huawei,11,affiliation_label_not_verified_organization
"Huawei Cloud Computing Technologies Co.,Ltd.",1,affiliation_label_not_verified_organization
Huawei Hong Kong Research Center,2,affiliation_label_not_verified_organization
Huawei Technologies,4,affiliation_label_not_verified_organization
Huawei Technologies Canada,2,affiliation_label_not_verified_organization
"Huawei Technologies Co., Ltd.",3,affiliation_label_not_verified_organization
Huawei Technologies Research & Development,1,affiliation_label_not_verified_organization
Huazhong Agricultural University,3,affiliation_label_not_verified_organization
Huazhong Argricultural University,1,affiliation_label_not_verified_organization
Huazhong Univ. of Sci. & Tech.,1,affiliation_label_not_verified_organization
Huazhong Univ. of Science & Tech,1,affiliation_label_not_verified_organization
Huazhong University Of Science And Technology,2,affiliation_label_not_verified_organization
Huazhong University of Science & Technology,2,affiliation_label_not_verified_organization
Huazhong University of Science and Technology,59,affiliation_label_not_verified_organization
Huazhong University of Science andTechnology,1,affiliation_label_not_verified_organization
Huazhong University of scicence and technology,1,affiliation_label_not_verified_organization
Huazhong University of science and technology,3,affiliation_label_not_verified_organization
"Huazhong University, Wuhan, 430073, China",1,affiliation_label_not_verified_organization
"Hubei Humanoid Robot Innovation Center Co., Ltd.",1,affiliation_label_not_verified_organization
"Human Centered Robotics Lab, UT Austin, USA",1,affiliation_label_not_verified_organization
Humbda Lab,2,affiliation_label_not_verified_organization
Hunan University,27,affiliation_label_not_verified_organization
Hunan university,5,affiliation_label_not_verified_organization
"Huzhou Institude of Zhejiang University,Zhejiang University",1,affiliation_label_not_verified_organization
Huzhou Institute of Zhejiang University,2,affiliation_label_not_verified_organization
Hyundai Motor Company,7,affiliation_label_not_verified_organization
Hyundai Motor Company (HMC),1,affiliation_label_not_verified_organization
Hyundai Motor Company RoboticsLab,1,affiliation_label_not_verified_organization
Hyundai Motors Company,2,affiliation_label_not_verified_organization
I2R,1,affiliation_label_not_verified_organization
"I2R, ASTAR",1,affiliation_label_not_verified_organization
IDEA Research,1,affiliation_label_not_verified_organization
IDSIA,2,affiliation_label_not_verified_organization
IDSIA USI-SUPSI,4,affiliation_label_not_verified_organization
IFSTTAR,1,affiliation_label_not_verified_organization
IHMC,1,affiliation_label_not_verified_organization
IIIA-CSIC,1,affiliation_label_not_verified_organization
IIIT Hyderabad,5,affiliation_label_not_verified_organization
IISER Bhopal,1,affiliation_label_not_verified_organization
"IISc, IIIT Hyderabad",1,affiliation_label_not_verified_organization
IIT KANPUR,1,affiliation_label_not_verified_organization
IIT Kanpur,1,affiliation_label_not_verified_organization
IIT MANDI,1,affiliation_label_not_verified_organization
IIT Madras,1,affiliation_label_not_verified_organization
IIT Mandi,4,affiliation_label_not_verified_organization
INAIL,1,affiliation_label_not_verified_organization
INESCTEC,1,affiliation_label_not_verified_organization
INRIA,5,affiliation_label_not_verified_organization
INRIA Lyon,1,affiliation_label_not_verified_organization
INRIA Nancy - Grand Est,1,affiliation_label_not_verified_organization
INSA de Lyon,1,affiliation_label_not_verified_organization
INSTITUTE OF AUTOMATION CHINESE ACADEMY OF SCIENCES,1,affiliation_label_not_verified_organization
IRISA-CNRS,2,affiliation_label_not_verified_organization
"IRL 2010 CROSSING, CNRS",1,affiliation_label_not_verified_organization
ISEP-Instituto Superior de Engenharia do Porto,1,affiliation_label_not_verified_organization
"ISIR, Sorbonne Université",1,affiliation_label_not_verified_organization
ITK System Engineering,1,affiliation_label_not_verified_organization
Ideativa,1,affiliation_label_not_verified_organization
Idiap Research Institute,1,affiliation_label_not_verified_organization
Illinois Institute of Technology,1,affiliation_label_not_verified_organization
Imperial Colledge London,1,affiliation_label_not_verified_organization
Imperial College London,23,affiliation_label_not_verified_organization
"Imperial College London, UK",3,affiliation_label_not_verified_organization
"Imperial College of Science, Technology and Medicine",1,affiliation_label_not_verified_organization
Imperial collage London,1,affiliation_label_not_verified_organization
Incheon National University (INU),1,affiliation_label_not_verified_organization
Independent,2,affiliation_label_not_verified_organization
Independent Researcher,11,affiliation_label_not_verified_organization
Indian Institute of Information Technology Surat,1,affiliation_label_not_verified_organization
Indian Institute of Science,6,affiliation_label_not_verified_organization
Indian Institute of Science Bengaluru,2,affiliation_label_not_verified_organization
"Indian Institute of Science Education and Research, Bhopal",1,affiliation_label_not_verified_organization
"Indian Institute of Science, Bangalore",1,affiliation_label_not_verified_organization
"Indian Institute of Science, Bengaluru, Karnataka, India",1,affiliation_label_not_verified_organization
Indian Institute of Technology Bombay,1,affiliation_label_not_verified_organization
Indian Institute of Technology Kanpur,1,affiliation_label_not_verified_organization
Indian Institute of Technology Madras,3,affiliation_label_not_verified_organization
"Indian Institute of Technology, Kanpur",1,affiliation_label_not_verified_organization
Indiana University,3,affiliation_label_not_verified_organization
Indiana University Bloomington,7,affiliation_label_not_verified_organization
Information Engineering University,3,affiliation_label_not_verified_organization
"Information Institute, Ministry of Emergency Management of the People's Republic of China",1,affiliation_label_not_verified_organization
Information Technology and Human Factors,1,affiliation_label_not_verified_organization
Inha University,3,affiliation_label_not_verified_organization
Inha university,2,affiliation_label_not_verified_organization
Inner Mongolia University,1,affiliation_label_not_verified_organization
Innopolis University,1,affiliation_label_not_verified_organization
"Innovation Institute of Intelligent Robotics Shenyang Co., Ltd",1,affiliation_label_not_verified_organization
Inria,4,affiliation_label_not_verified_organization
Inria Grenoble,1,affiliation_label_not_verified_organization
Inria Lille,2,affiliation_label_not_verified_organization
Inria Lyon,1,affiliation_label_not_verified_organization
Inria Rennes,1,affiliation_label_not_verified_organization
"Inria, Ecole Normale Superieure Paris",1,affiliation_label_not_verified_organization
Institut Teknologi Bandung,1,affiliation_label_not_verified_organization
Institut des Systèmes Intelligents et de Robotique,1,affiliation_label_not_verified_organization
"Institute for AI Industry Research(AIR), Tsinghua University",1,affiliation_label_not_verified_organization
Institute for Computer Science and Control (SZTAKI) and Eötvös Loránd University (ELTE),1,affiliation_label_not_verified_organization
"Institute for Creative Technologies, University of Southern California",1,affiliation_label_not_verified_organization
"Institute for Electronics and Information Technology in Tianjin, Tsinghua University",1,affiliation_label_not_verified_organization
Institute for Infocomm Research,3,affiliation_label_not_verified_organization
"Institute for Infocomm Research, A*STAR",1,affiliation_label_not_verified_organization
"Institute for Infocomm Research, A*STAR, Singapore",1,affiliation_label_not_verified_organization
"Institute for Material Handling and Logistics (IFL), Karlsruhe Institute of Technology (KIT)",1,affiliation_label_not_verified_organization
"Institute for Systems Research, University of Maryland, College Park, MD 20742, USA",1,affiliation_label_not_verified_organization
"Institute of Artificial Intelligence (TeleAI), China Telecom",1,affiliation_label_not_verified_organization
"Institute of Artificial Intelligence, Hefei Comprehensive National Science Center",2,affiliation_label_not_verified_organization
Institute of Automation,1,affiliation_label_not_verified_organization
"Institute of Automation, Chinese Academy of Science",3,affiliation_label_not_verified_organization
"Institute of Automation, Chinese Academy of Sciences",46,affiliation_label_not_verified_organization
"Institute of Automation, Chinese Academy of Sciences, University of Chinese Academy of Sciences",1,affiliation_label_not_verified_organization
"Institute of Automation,Chinese Academy of Sciences",2,affiliation_label_not_verified_organization
Institute of Automation，Chinese Academy of Sciences,4,affiliation_label_not_verified_organization
"Institute of Computing Technology, Chinese Academy",1,affiliation_label_not_verified_organization
"Institute of Computing Technology, Chinese Academy of Science",1,affiliation_label_not_verified_organization
"Institute of Computing Technology, Chinese Academy of Sciences",2,affiliation_label_not_verified_organization
"Institute of Optics and Electronics, Chinese Academy of Sciences",5,affiliation_label_not_verified_organization
Institute of Science Tokyo,16,affiliation_label_not_verified_organization
"Institute of Software, Chinese Academy of Sciences",2,affiliation_label_not_verified_organization
"Institute of automation, Chinese academy of science",1,affiliation_label_not_verified_organization
"Institute of automation, Chinese academy of sciences",1,affiliation_label_not_verified_organization
"Institution of Computer Technology, Chinese Academy of Science",1,affiliation_label_not_verified_organization
Instituto Tecnologico de Aragon,1,affiliation_label_not_verified_organization
Instituto Tecnológico de Aragón,2,affiliation_label_not_verified_organization
Intel,4,affiliation_label_not_verified_organization
"Intelligent Communication Systems Laboratory (ICSLab), PHENIKAA University, Hanoi 12116, Viet Nam",1,affiliation_label_not_verified_organization
Intelligent Manufacturing Institute of Sany Heavy Industry,1,affiliation_label_not_verified_organization
"Intelligent Space Robotics Laboratory, Skolkovo Institute of Science and Technology",2,affiliation_label_not_verified_organization
"Intelligent Space Robotics Laboratory, skoltech",1,affiliation_label_not_verified_organization
International Digital Economy Academy,1,affiliation_label_not_verified_organization
"International Institute of Information Technology , Hyderabad",1,affiliation_label_not_verified_organization
International Institute of Information Technology - Hyderabad,4,affiliation_label_not_verified_organization
International Institute of Information Technology Hyderabad,3,affiliation_label_not_verified_organization
International Institute of Information Technology Hyderabad (IIITH),1,affiliation_label_not_verified_organization
"International Institute of Information Technology,",1,affiliation_label_not_verified_organization
"International Institute of Information Technology, Hyderabad",4,affiliation_label_not_verified_organization
"International Institute of Information Technology, Hyderabad (IIIT-H)",1,affiliation_label_not_verified_organization
Invisalign Japan G.K.,1,affiliation_label_not_verified_organization
Iowa State University,9,affiliation_label_not_verified_organization
Iran University of Science and Technology,1,affiliation_label_not_verified_organization
Istanbul Technical University,4,affiliation_label_not_verified_organization
"Istanbul Technical University, Ford Otosan",1,affiliation_label_not_verified_organization
Istituto Italiano di Tecnologia,21,affiliation_label_not_verified_organization
Istituto Italiano di Tecnologia (IIT),1,affiliation_label_not_verified_organization
Italian Institute of Technology,6,affiliation_label_not_verified_organization
JAXA,1,affiliation_label_not_verified_organization
JD,1,affiliation_label_not_verified_organization
JD Explore Academy,1,affiliation_label_not_verified_organization
JD Logistics,4,affiliation_label_not_verified_organization
"JD.com, Inc.",1,affiliation_label_not_verified_organization
JP Morgan Chase,1,affiliation_label_not_verified_organization
Jagiellonian University in Kraków.,1,affiliation_label_not_verified_organization
Japan Advanced Institute of Science and Technology,5,affiliation_label_not_verified_organization
Japan Agency for Marine-Earth Science and Technology,3,affiliation_label_not_verified_organization
Jaume-I University,1,affiliation_label_not_verified_organization
Jet Propulsion Laboratory,5,affiliation_label_not_verified_organization
Jet Propulsion Laboratory - California Institute of Technology,1,affiliation_label_not_verified_organization
"Jet Propulsion Laboratory, California Institute of Technology",1,affiliation_label_not_verified_organization
Jianghuai Advance Technology Center,1,affiliation_label_not_verified_organization
Jiangsu University of Science and Technology,2,affiliation_label_not_verified_organization
Jiangxi Provincial Communication Terminal Industry Technology Research Institute Co.,1,affiliation_label_not_verified_organization
Jilin University,9,affiliation_label_not_verified_organization
Jiuquan Satellite Launch Center,1,affiliation_label_not_verified_organization
Johns Hopkins Applied Physics Laboratory,1,affiliation_label_not_verified_organization
Johns Hopkins Medical Institute,1,affiliation_label_not_verified_organization
Johns Hopkins University,21,affiliation_label_not_verified_organization
Johns Hopkins University Applied Physics Lab,2,affiliation_label_not_verified_organization
Johns Hopkins University Applied Physics Laboratory,1,affiliation_label_not_verified_organization
Julius-Maximilians-Universität Würzburg,1,affiliation_label_not_verified_organization
Justus-Liebig-University Giessen,2,affiliation_label_not_verified_organization
KAIST,43,affiliation_label_not_verified_organization
KAIST (Korea Advanced Institute of Science and Technology),4,affiliation_label_not_verified_organization
KAIST(Korea Advanced Institute of Science and Technology),2,affiliation_label_not_verified_organization
"KANDENKO CO., LTD.",1,affiliation_label_not_verified_organization
KAUST,2,affiliation_label_not_verified_organization
KDDI Research Inc.,2,affiliation_label_not_verified_organization
"KDDI Research, Inc.",2,affiliation_label_not_verified_organization
"KE:SAI and University of Tübingen, Tübingen AI Center",1,affiliation_label_not_verified_organization
"KIOS Center of Excellence, University of Cyprus",1,affiliation_label_not_verified_organization
"KIOS Research and Innovation Center of Excellence, University of Cyprus",1,affiliation_label_not_verified_organization
KIST,5,affiliation_label_not_verified_organization
KOREA INSTITUTE OF ROBOTICS & TECHNOLOGY CONVERGENCE,1,affiliation_label_not_verified_organization
KTH,2,affiliation_label_not_verified_organization
KTH - Royal Institute of Technology,1,affiliation_label_not_verified_organization
KTH / Furhat Robotics,1,affiliation_label_not_verified_organization
KTH Royal Institute of Technology,17,affiliation_label_not_verified_organization
KU Leuven,4,affiliation_label_not_verified_organization
KUKA Deutschland GmbH,2,affiliation_label_not_verified_organization
Kaist,1,affiliation_label_not_verified_organization
Kanazawa University,3,affiliation_label_not_verified_organization
Kansas State University,2,affiliation_label_not_verified_organization
Karlsruhe Institut of Technology,1,affiliation_label_not_verified_organization
Karlsruhe Institute for Technology (KIT),1,affiliation_label_not_verified_organization
Karlsruhe Institute of Technology,19,affiliation_label_not_verified_organization
Karlsruhe Institute of Technology (KIT),14,affiliation_label_not_verified_organization
"Karlsruhe Institute of Technology (KIT), Karlsruhe",1,affiliation_label_not_verified_organization
Karlsruhe Institute of Technology - KIT,1,affiliation_label_not_verified_organization
"Karlsruhe Institute of Technology, BMW Group",1,affiliation_label_not_verified_organization
Karlsruhe University of Applied Sciences,6,affiliation_label_not_verified_organization
Keimyung University,2,affiliation_label_not_verified_organization
Keio University,18,affiliation_label_not_verified_organization
Keio university,1,affiliation_label_not_verified_organization
Kennesaw State University,4,affiliation_label_not_verified_organization
Kessler Foundation,1,affiliation_label_not_verified_organization
Khalifa University,9,affiliation_label_not_verified_organization
Khalifa University Robotics and Autonomous Robotics Center,1,affiliation_label_not_verified_organization
Khalifa University of Science and Technology,1,affiliation_label_not_verified_organization
Kiel University,5,affiliation_label_not_verified_organization
Kindai University,1,affiliation_label_not_verified_organization
King Abdullah University of Science and Technology,2,affiliation_label_not_verified_organization
King Saud University,1,affiliation_label_not_verified_organization
King's College London,19,affiliation_label_not_verified_organization
"Kingston University, London, UK",1,affiliation_label_not_verified_organization
"Kios Research and Innovation Center of Excellence, University of Cyprus",1,affiliation_label_not_verified_organization
Klinikum rechts der Isar der TUM,2,affiliation_label_not_verified_organization
Konkuk University,1,affiliation_label_not_verified_organization
Kookmin University,5,affiliation_label_not_verified_organization
Korea Advanced Institute of Science & Technology,1,affiliation_label_not_verified_organization
Korea Advanced Institute of Science & Technology (KAIST),3,affiliation_label_not_verified_organization
Korea Advanced Institute of Science and Technology,28,affiliation_label_not_verified_organization
Korea Advanced Institute of Science and Technology (KAIST),7,affiliation_label_not_verified_organization
Korea Advanced Institute of Science and Technology(KAIST),2,affiliation_label_not_verified_organization
"Korea Advanced Institute of Science and Technology, KAIST",3,affiliation_label_not_verified_organization
Korea Institute of Industrial Technology,1,affiliation_label_not_verified_organization
Korea Institute of Machinery and Materials (KIMM),1,affiliation_label_not_verified_organization
Korea Institute of Robotics and Technology Convergence,1,affiliation_label_not_verified_organization
Korea Institute of Robotics and technology convergence,1,affiliation_label_not_verified_organization
Korea Institute of Science & Technology (KIST),1,affiliation_label_not_verified_organization
Korea Institute of Science and Technology,6,affiliation_label_not_verified_organization
Korea University,15,affiliation_label_not_verified_organization
Korea University of Technology and Education,7,affiliation_label_not_verified_organization
Korea University of Technology and Education (KOREATECH),1,affiliation_label_not_verified_organization
"Korea University, Korea Institute of Science and Technology (KIST)",1,affiliation_label_not_verified_organization
"Korea University, department of Artificial Intelligence",1,affiliation_label_not_verified_organization
Korea university,1,affiliation_label_not_verified_organization
Korea university of Technology and Education,1,affiliation_label_not_verified_organization
Koreatech,1,affiliation_label_not_verified_organization
Kuban State University,2,affiliation_label_not_verified_organization
Kumoh National Institute of Technology,2,affiliation_label_not_verified_organization
Kyonggi University,1,affiliation_label_not_verified_organization
Kyoto University,5,affiliation_label_not_verified_organization
Kyoto University of Advanced Science,3,affiliation_label_not_verified_organization
Kyung Hee University,3,affiliation_label_not_verified_organization
Kyung-Hee University,1,affiliation_label_not_verified_organization
Kyung-hee University,1,affiliation_label_not_verified_organization
KyungHee University,1,affiliation_label_not_verified_organization
Kyungpook National University,7,affiliation_label_not_verified_organization
Kyungpook national university,1,affiliation_label_not_verified_organization
Kyushu Institute of Technology,4,affiliation_label_not_verified_organization
Kyushu University,8,affiliation_label_not_verified_organization
Kyushu university,2,affiliation_label_not_verified_organization
"LAAS, Toulouse, France",1,affiliation_label_not_verified_organization
LAAS-CNRS,1,affiliation_label_not_verified_organization
"LEIA Lab, RPI, USA",3,affiliation_label_not_verified_organization
LIRMM University of Montpellier CNRS,1,affiliation_label_not_verified_organization
"LIRMM, Univ Montpellier, CNRS, Montpellier, France.",1,affiliation_label_not_verified_organization
LISSI,1,affiliation_label_not_verified_organization
LMU Munich,4,affiliation_label_not_verified_organization
Laval University,2,affiliation_label_not_verified_organization
Lehigh University,7,affiliation_label_not_verified_organization
Leju Robotics,1,affiliation_label_not_verified_organization
Li AUTO Inc.,1,affiliation_label_not_verified_organization
Li Auto Inc.,8,affiliation_label_not_verified_organization
LiAuto,1,affiliation_label_not_verified_organization
Liauto Inc.,1,affiliation_label_not_verified_organization
Liebherr Hydraulikbagger GmbH,3,affiliation_label_not_verified_organization
LimX Dynamics,1,affiliation_label_not_verified_organization
Linde,1,affiliation_label_not_verified_organization
Lingang Laboratory,3,affiliation_label_not_verified_organization
Linkerbot,1,affiliation_label_not_verified_organization
"Linkerbot (Beijing) Technology Co., Ltd.",1,affiliation_label_not_verified_organization
"Linkerbot Beijing Technology Co., Ltd.",1,affiliation_label_not_verified_organization
Linkoping University,1,affiliation_label_not_verified_organization
Linköping University,2,affiliation_label_not_verified_organization
Lockheed Martin,1,affiliation_label_not_verified_organization
"Lockheed Martin, Columbia University",1,affiliation_label_not_verified_organization
Logogramma srl,1,affiliation_label_not_verified_organization
Loughborough University,1,affiliation_label_not_verified_organization
Louisiana State University,3,affiliation_label_not_verified_organization
Ludwig Maximilian University of Munich,1,affiliation_label_not_verified_organization
Lulea technical University,1,affiliation_label_not_verified_organization
Luleå University of Technology,5,affiliation_label_not_verified_organization
"Luleå University of Technology, Luleå, Sweden",2,affiliation_label_not_verified_organization
Lumos Robotics,1,affiliation_label_not_verified_organization
Lund University,2,affiliation_label_not_verified_organization
"Luoteng Hangzhou Techonlogy Co.,Ltd.",1,affiliation_label_not_verified_organization
MBZUAI,5,affiliation_label_not_verified_organization
MEGVII Technology,1,affiliation_label_not_verified_organization
MERL,1,affiliation_label_not_verified_organization
"MICROSOFT DEVELOPMENT CENTER COPENHAGEN ApS, Kgs. Lyngby",1,affiliation_label_not_verified_organization
MIT,34,affiliation_label_not_verified_organization
MIT EECS,1,affiliation_label_not_verified_organization
MIT Lincoln Laboratory,4,affiliation_label_not_verified_organization
MIT-WPU Robocon Tech Team,1,affiliation_label_not_verified_organization
MOCE Robotics,2,affiliation_label_not_verified_organization
Macao Polytechnic University,1,affiliation_label_not_verified_organization
Macao university of Science and Technology,1,affiliation_label_not_verified_organization
Macau University,1,affiliation_label_not_verified_organization
Macau University of Science and Technology,4,affiliation_label_not_verified_organization
Macquarie University,6,affiliation_label_not_verified_organization
Maicro,2,affiliation_label_not_verified_organization
Manifold Tech Limited,1,affiliation_label_not_verified_organization
MassRobotics,1,affiliation_label_not_verified_organization
Massachusetts General Hospital,1,affiliation_label_not_verified_organization
Massachusetts Institute of Tech.,1,affiliation_label_not_verified_organization
Massachusetts Institute of Technology,49,affiliation_label_not_verified_organization
Massachusetts Institute of Technology (MIT),1,affiliation_label_not_verified_organization
"Master’s Student, University of Science and Technology Beijing, China",1,affiliation_label_not_verified_organization
Max Planck Institute for Intelligent Systems,3,affiliation_label_not_verified_organization
Max Planck Institute for Software Systems,1,affiliation_label_not_verified_organization
Max-Planck Institute of Animal Behavior,1,affiliation_label_not_verified_organization
McGill University,7,affiliation_label_not_verified_organization
McMaster University,6,affiliation_label_not_verified_organization
MediaTek Inc.,1,affiliation_label_not_verified_organization
"Medical Imaging Center, Qilu Second Hospital of Shandong University",1,affiliation_label_not_verified_organization
Medisch Spectrum Twente,1,affiliation_label_not_verified_organization
Meituan,3,affiliation_label_not_verified_organization
Meituan Inc,1,affiliation_label_not_verified_organization
Meituan Technology,1,affiliation_label_not_verified_organization
Meituan inc.,3,affiliation_label_not_verified_organization
Meituan-Dianping Group,1,affiliation_label_not_verified_organization
Mercedes-Benz AG,5,affiliation_label_not_verified_organization
"Mercedes-Benz AG, Karlsruhe Institute of Technology",1,affiliation_label_not_verified_organization
"Mercedes-Benz AG, University of Tübingen",1,affiliation_label_not_verified_organization
Meta,5,affiliation_label_not_verified_organization
Meta AI,2,affiliation_label_not_verified_organization
Meta Reality Labs,2,affiliation_label_not_verified_organization
Michigan State University,14,affiliation_label_not_verified_organization
Michigan Technological University,7,affiliation_label_not_verified_organization
Microsoft,2,affiliation_label_not_verified_organization
Microsoft Research,1,affiliation_label_not_verified_organization
Microsoft Research Asia,1,affiliation_label_not_verified_organization
Middle East Technical University,5,affiliation_label_not_verified_organization
"Midea Group (Shanghai) Co., Ltd.",1,affiliation_label_not_verified_organization
Mila - Quebec AI Institute,1,affiliation_label_not_verified_organization
Mines Paris - PSL,1,affiliation_label_not_verified_organization
Mines ParisTech,1,affiliation_label_not_verified_organization
Ministry of Industry and Information Technology,2,affiliation_label_not_verified_organization
Mission Control Space Services,7,affiliation_label_not_verified_organization
Mississippi State University,6,affiliation_label_not_verified_organization
Missouri Univ of Science and Tech,1,affiliation_label_not_verified_organization
Mitsubishi Electric Research Laboratories,1,affiliation_label_not_verified_organization
Mitsubishi Electric research laboratories,1,affiliation_label_not_verified_organization
Mohamed Bin Zayed University of Artificial Intelligence,1,affiliation_label_not_verified_organization
Mohamed Bin Zayed University of Artificial Intelligence (MBZUAI) and Texas A&M University (TAMU),1,affiliation_label_not_verified_organization
"Mohamed bin Zayed University of AI, UAE",1,affiliation_label_not_verified_organization
Mohamed bin Zayed University of Artificial Intelligence,10,affiliation_label_not_verified_organization
Mohamed bin Zayed University of Artificial Intelligence (MBZUAI),1,affiliation_label_not_verified_organization
Monash University,5,affiliation_label_not_verified_organization
Monash university,1,affiliation_label_not_verified_organization
Montpellier University - CNRS UMR 5506,1,affiliation_label_not_verified_organization
Morehouse College,1,affiliation_label_not_verified_organization
Moscow Institute of Physics and Technology,1,affiliation_label_not_verified_organization
Mount Holyoke College,1,affiliation_label_not_verified_organization
N/A,1,affiliation_label_not_verified_organization
NANJING UNIVERSITY OF SCIENCE & TECHNOLOGY,1,affiliation_label_not_verified_organization
NASA Glenn Research Center,1,affiliation_label_not_verified_organization
NASA Jet Propulsion Laboratory,2,affiliation_label_not_verified_organization
NASA Jet Propulsion Laboratory (JPL),1,affiliation_label_not_verified_organization
"NASA Jet Propulsion Laboratory, California Institute of Technology",1,affiliation_label_not_verified_organization
NASA-JPL,1,affiliation_label_not_verified_organization
"NASA-JPL, Caltech",1,affiliation_label_not_verified_organization
NCT Dresden,1,affiliation_label_not_verified_organization
NEC,2,affiliation_label_not_verified_organization
NEC Corporation,1,affiliation_label_not_verified_organization
NEC corporation,1,affiliation_label_not_verified_organization
NTNU,2,affiliation_label_not_verified_organization
NTNU - Norwegian University of Science and Technology,3,affiliation_label_not_verified_organization
NTT Corporation,1,affiliation_label_not_verified_organization
"NTT, Inc.",2,affiliation_label_not_verified_organization
NTU - NANYANG TECHNOLOGICAL UNIVERSITY,1,affiliation_label_not_verified_organization
NUDT,1,affiliation_label_not_verified_organization
NUS,2,affiliation_label_not_verified_organization
NVIDIA,20,affiliation_label_not_verified_organization
NVIDIA Corp.,2,affiliation_label_not_verified_organization
NVIDIA Corporation,2,affiliation_label_not_verified_organization
"NWS, Tech Univ Muenchen",1,affiliation_label_not_verified_organization
Nagoya Institute of Technology,2,affiliation_label_not_verified_organization
Nagoya University,6,affiliation_label_not_verified_organization
NanYang Techonological university,1,affiliation_label_not_verified_organization
Nangyang technological Univercity,1,affiliation_label_not_verified_organization
Nanjing Medical University,6,affiliation_label_not_verified_organization
Nanjing University,22,affiliation_label_not_verified_organization
Nanjing University of Aeronautics and Astronautics,4,affiliation_label_not_verified_organization
Nanjing University of Information Science & Techology,1,affiliation_label_not_verified_organization
Nanjing University of Posts and Telecommunications,1,affiliation_label_not_verified_organization
Nanjing University of Science and Technology,28,affiliation_label_not_verified_organization
"Nanjing University of Science and Technology, Nanjing",1,affiliation_label_not_verified_organization
Nanjing University of Science and Technology‌,1,affiliation_label_not_verified_organization
Nanjing Xiaozhuang University,1,affiliation_label_not_verified_organization
Nankai University,7,affiliation_label_not_verified_organization
"Nankai University,",1,affiliation_label_not_verified_organization
Nanyang Technological University,62,affiliation_label_not_verified_organization
"Nanyang Technological University, Singapore",1,affiliation_label_not_verified_organization
Nanyang Techonological University,1,affiliation_label_not_verified_organization
"Nanyang technological University, Singapore",1,affiliation_label_not_verified_organization
NanyangTechnological University,1,affiliation_label_not_verified_organization
Nara Institute of Science and Technology,3,affiliation_label_not_verified_organization
"Nasa's Jet Propulsion Laboratory, Caltech",1,affiliation_label_not_verified_organization
Nat. Inst. of Advanced Industrial Science and Technology,1,affiliation_label_not_verified_organization
National Center for Tumor Diseases,3,affiliation_label_not_verified_organization
National Center for Tumor Diseases (NCT) Dresden,1,affiliation_label_not_verified_organization
National Central University,2,affiliation_label_not_verified_organization
National Cheng Kung University,2,affiliation_label_not_verified_organization
"National Institute for Materials Science, Japan",1,affiliation_label_not_verified_organization
National Institute of Advanced Industrial Science and Technology,6,affiliation_label_not_verified_organization
National Institute of Advanced Industrial Science and Technology (AIST),5,affiliation_label_not_verified_organization
National Institute of Industrial Science and Technology(AIST),1,affiliation_label_not_verified_organization
National Institute of Informatics,3,affiliation_label_not_verified_organization
National Institute of Information and Communications Technology,1,affiliation_label_not_verified_organization
National Kaohsiung University of Science and Technology,1,affiliation_label_not_verified_organization
National Taiwan Normal University,2,affiliation_label_not_verified_organization
National Taiwan University,5,affiliation_label_not_verified_organization
National Taiwan University Hospital,1,affiliation_label_not_verified_organization
National Technical University of Athens,7,affiliation_label_not_verified_organization
National Technical University of Athens (NTUA),1,affiliation_label_not_verified_organization
National University Singapore,2,affiliation_label_not_verified_organization
National University of Defense Technology,32,affiliation_label_not_verified_organization
"National University of Defense Technology, College of Intelligence Science and Technology",1,affiliation_label_not_verified_organization
National University of SIngapore,1,affiliation_label_not_verified_organization
National University of Singapore,79,affiliation_label_not_verified_organization
National University of Singapore (NUS),3,affiliation_label_not_verified_organization
National Yang Ming Chiao Tung University,8,affiliation_label_not_verified_organization
National Yang Ming Chiao Tung University(NYCU),1,affiliation_label_not_verified_organization
National university of singapore,1,affiliation_label_not_verified_organization
"Naval Group Far East, Singapore",2,affiliation_label_not_verified_organization
"Naval Group Pacific, Australia",2,affiliation_label_not_verified_organization
Nazarbayev University,7,affiliation_label_not_verified_organization
Netflix,1,affiliation_label_not_verified_organization
Neuromeka,1,affiliation_label_not_verified_organization
New Jersey Institute of Technology,10,affiliation_label_not_verified_organization
New York University,26,affiliation_label_not_verified_organization
New York University - Abu Dhabi,1,affiliation_label_not_verified_organization
New York University Abu Dhabi,5,affiliation_label_not_verified_organization
"New York University, Carnegie Mellon University",1,affiliation_label_not_verified_organization
"New York University, Tandon School Of Engineering",1,affiliation_label_not_verified_organization
"New York University, Tandon School of Engineering",1,affiliation_label_not_verified_organization
Newcastle University,1,affiliation_label_not_verified_organization
Niigata University,2,affiliation_label_not_verified_organization
Ningbo Industrial Technology Research Institute,1,affiliation_label_not_verified_organization
"Ningbo Institute of Material Technology and Engineering, Chinese Academy of Sciences",1,affiliation_label_not_verified_organization
"Ningbo Institute of Material Technology and Engineering,CAS",1,affiliation_label_not_verified_organization
"Ningbo Institute of Materials Technology & Engineering, CAS",1,affiliation_label_not_verified_organization
"Ningbo Institute of Materials Technology and Engineering, CAS",1,affiliation_label_not_verified_organization
Ningxia Institute of Science and Technology,1,affiliation_label_not_verified_organization
Nitte Meenakshi Institute of technology,1,affiliation_label_not_verified_organization
"Noah's Ark Lab, Huawei Technologies",1,affiliation_label_not_verified_organization
"Noah's Ark Lab, Huawei Technologies Canada Inc",1,affiliation_label_not_verified_organization
Noetix,2,affiliation_label_not_verified_organization
Noetix Robotics,3,affiliation_label_not_verified_organization
Nokia Bell Labs,1,affiliation_label_not_verified_organization
North Carolina State University,15,affiliation_label_not_verified_organization
North Carolina State University and University of North Carolina at Chapel Hill,1,affiliation_label_not_verified_organization
North China Electric Power University,1,affiliation_label_not_verified_organization
"North Information Control Research Academy Group Co., Ltd.",3,affiliation_label_not_verified_organization
North University of China,5,affiliation_label_not_verified_organization
Northeast Petroleum University,1,affiliation_label_not_verified_organization
Northeastern University,69,affiliation_label_not_verified_organization
"Northeastern University (China), Faculty of Robot Science and Engineering",1,affiliation_label_not_verified_organization
Northeastern University of China,1,affiliation_label_not_verified_organization
"Northeastern University, Shenyang, China",2,affiliation_label_not_verified_organization
Northeastern university,2,affiliation_label_not_verified_organization
Northeastern university(china),1,affiliation_label_not_verified_organization
Northview High School,1,affiliation_label_not_verified_organization
Northwestern Polytechnical University,9,affiliation_label_not_verified_organization
Northwestern Polytechnical university,1,affiliation_label_not_verified_organization
Northwestern PolytechnicalUniversity,1,affiliation_label_not_verified_organization
Northwestern University,14,affiliation_label_not_verified_organization
"Northwestern University, Carnegie Mellon University",1,affiliation_label_not_verified_organization
"Northwestern University, Center for Robotics and Biosystems",1,affiliation_label_not_verified_organization
Norwegian University of Science and Technology (NTNU),1,affiliation_label_not_verified_organization
Nuremberg Institute of Technology Georg Simon Ohm,1,affiliation_label_not_verified_organization
Nvidia,7,affiliation_label_not_verified_organization
OMRON SINIC X,3,affiliation_label_not_verified_organization
OMRON SINIC X Corporation,4,affiliation_label_not_verified_organization
ORNL,1,affiliation_label_not_verified_organization
Oak Ridge National Lab,1,affiliation_label_not_verified_organization
Oak Ridge National Laboratory,2,affiliation_label_not_verified_organization
Oakland University,8,affiliation_label_not_verified_organization
Ocean University of China,2,affiliation_label_not_verified_organization
Ocean university of china,1,affiliation_label_not_verified_organization
Ohio State University,2,affiliation_label_not_verified_organization
Ohio University,1,affiliation_label_not_verified_organization
Oklahoma State University,5,affiliation_label_not_verified_organization
Omron Sinic X,1,affiliation_label_not_verified_organization
OpenAI,1,affiliation_label_not_verified_organization
Oregon State University,9,affiliation_label_not_verified_organization
Osaka University,10,affiliation_label_not_verified_organization
Osaka University / Ozyegin University,1,affiliation_label_not_verified_organization
"Osaka University, Japan",1,affiliation_label_not_verified_organization
Otto-von-Guericke University Magdeburg,2,affiliation_label_not_verified_organization
Otto-von-Guericke University Magdeburg / Research Campus STIMULATE,3,affiliation_label_not_verified_organization
Oxford University,1,affiliation_label_not_verified_organization
PAL Robotics,4,affiliation_label_not_verified_organization
"PERCRO Laboratory, TeCIP Institute, Sant’Anna School of Advanced Studies, Pisa",1,affiliation_label_not_verified_organization
"PICO, ByteDance",1,affiliation_label_not_verified_organization
PKU-Wuhan Institute for Artificial Intelligence,1,affiliation_label_not_verified_organization
PNNL,1,affiliation_label_not_verified_organization
POSTECH,5,affiliation_label_not_verified_organization
POSTECH (POHANG UNIVERSITY OF SCIENCE AND TECHNOLOGY),1,affiliation_label_not_verified_organization
POSTECH(Pohang University of Science and Technology),2,affiliation_label_not_verified_organization
"POSTECH, Pohang University of Science and Technology",4,affiliation_label_not_verified_organization
PTT Exploration and Production Public Company Limited,1,affiliation_label_not_verified_organization
Paderborn University,2,affiliation_label_not_verified_organization
Palbit,1,affiliation_label_not_verified_organization
"Panasonic Professor of Computer Science and Engineering, MIT",1,affiliation_label_not_verified_organization
Paris-Saclay/Université de Versailles Saint-Quentin-en-Yvelines,1,affiliation_label_not_verified_organization
Peking Univeristy,1,affiliation_label_not_verified_organization
Peking University,53,affiliation_label_not_verified_organization
Peking University School of Stomatology,1,affiliation_label_not_verified_organization
Peking university,2,affiliation_label_not_verified_organization
Peng Cheng Laboratory,2,affiliation_label_not_verified_organization
Pengcheng Laboratory,3,affiliation_label_not_verified_organization
"Pengcheng Laboratory, Shenzhen, China",1,affiliation_label_not_verified_organization
Penn State University,2,affiliation_label_not_verified_organization
Pennstate University,1,affiliation_label_not_verified_organization
Pennsylvania State University,7,affiliation_label_not_verified_organization
Ph.D. Student • MIT,1,affiliation_label_not_verified_organization
Ph.D. Student • Max Planck Institute for Intelligent Systems,1,affiliation_label_not_verified_organization
PhD Student (Purdue University),1,affiliation_label_not_verified_organization
"PhD, Arizona State University",1,affiliation_label_not_verified_organization
"PhD, Georgia Tech",1,affiliation_label_not_verified_organization
Phenikaa University,1,affiliation_label_not_verified_organization
Physical Intelligence,2,affiliation_label_not_verified_organization
Pohang University of Science and Technology,5,affiliation_label_not_verified_organization
Pohang University of Science and Technology ( POSTECH ),1,affiliation_label_not_verified_organization
Pohang University of Science and Technology (POSTECH),2,affiliation_label_not_verified_organization
Politecnico di Milano,10,affiliation_label_not_verified_organization
Politecnico di Torino,15,affiliation_label_not_verified_organization
Politecnico of Turin,1,affiliation_label_not_verified_organization
Polytechnic Institute of Milan,1,affiliation_label_not_verified_organization
Pontificia Universidad Catolica De Chile,1,affiliation_label_not_verified_organization
Pontificia Universidad Catolica de Chile,1,affiliation_label_not_verified_organization
Pontificia Universidad Católica de Chile,1,affiliation_label_not_verified_organization
Portland State University,4,affiliation_label_not_verified_organization
Portsmouth University,1,affiliation_label_not_verified_organization
"Post doctorate, Harvard University & visiting post doctorate, Stanford University",1,affiliation_label_not_verified_organization
Postdoctoral Researcher • IIT,2,affiliation_label_not_verified_organization
Postech,1,affiliation_label_not_verified_organization
Poznan University of Technology,2,affiliation_label_not_verified_organization
Princeton University,4,affiliation_label_not_verified_organization
"Professor at the University of Science and Technology, Beijing, China.",1,affiliation_label_not_verified_organization
Providence College,1,affiliation_label_not_verified_organization
Purdue,1,affiliation_label_not_verified_organization
Purdue Univeristy,2,affiliation_label_not_verified_organization
Purdue Univerisy,1,affiliation_label_not_verified_organization
Purdue University,96,affiliation_label_not_verified_organization
Purdue University Undergraduate Student Researcher,1,affiliation_label_not_verified_organization
Purdue University West Lafayette,1,affiliation_label_not_verified_organization
"Purdue University, Facebook",1,affiliation_label_not_verified_organization
"Purdue University, West Lafayette",1,affiliation_label_not_verified_organization
Pusan National University,1,affiliation_label_not_verified_organization
"QUT Centre for Robotics, Brisbane, Australia",1,affiliation_label_not_verified_organization
Qilu Hospital of Shandong University,1,affiliation_label_not_verified_organization
Qinghai Institute of Technology,1,affiliation_label_not_verified_organization
Qiyuan Lab,1,affiliation_label_not_verified_organization
Qualcomm,1,affiliation_label_not_verified_organization
Qualcomm AI Research,1,affiliation_label_not_verified_organization
Quantum Science Center of Guangdong-Hong Kong-Macau Greater Bay Area,1,affiliation_label_not_verified_organization
Queen Mary University of London,1,affiliation_label_not_verified_organization
Queen's University,2,affiliation_label_not_verified_organization
Queen's University of Canada,1,affiliation_label_not_verified_organization
Queens College,1,affiliation_label_not_verified_organization
Queensland University of Technology,10,affiliation_label_not_verified_organization
Queensland University of Technology (QUT),1,affiliation_label_not_verified_organization
RAI - Robotics and AI Institute,1,affiliation_label_not_verified_organization
RAI Institute,3,affiliation_label_not_verified_organization
RIKEN,5,affiliation_label_not_verified_organization
"RMIT, Melbourne",1,affiliation_label_not_verified_organization
"RPI, USA",1,affiliation_label_not_verified_organization
RSL ETH Zurich,1,affiliation_label_not_verified_organization
"RSL, ETHZ",1,affiliation_label_not_verified_organization
RT-Thread,1,affiliation_label_not_verified_organization
RWTH Aachen University,2,affiliation_label_not_verified_organization
RWTH-Aachen University,1,affiliation_label_not_verified_organization
Radboud University Medical Center,1,affiliation_label_not_verified_organization
Radboudumc,1,affiliation_label_not_verified_organization
Radical AI,2,affiliation_label_not_verified_organization
Renmin University of China,2,affiliation_label_not_verified_organization
Rensselaer Polytechnic Institute,13,affiliation_label_not_verified_organization
"Research Associate Professor, University of Pennsylvania",1,affiliation_label_not_verified_organization
"Research Institute of USV Engineering, School of Mechatronic Engineering and Automation, Shanghai University, Shanghai, China.",1,affiliation_label_not_verified_organization
"Research Scientist, Robotics and AI Institute (RAI)",1,affiliation_label_not_verified_organization
"Researcher in Data and Knowledge Management at FBK, Trento, Italy.",1,affiliation_label_not_verified_organization
"Researcher in the DVL unit in Fondazione Bruno Kessler (FBK), Italy.",1,affiliation_label_not_verified_organization
Resense GmbH,1,affiliation_label_not_verified_organization
Rice University,19,affiliation_label_not_verified_organization
Ritsumeikan Univ.,1,affiliation_label_not_verified_organization
Ritsumeikan University,6,affiliation_label_not_verified_organization
Robert Bosch GmbH,11,affiliation_label_not_verified_organization
Robert Bosch GmbH Corporate Research,1,affiliation_label_not_verified_organization
Robert Bosch GmbH and University of Stuttgart,1,affiliation_label_not_verified_organization
Robert Bosch LLC,2,affiliation_label_not_verified_organization
"Robotics Institute, Carnegie Mellon University",1,affiliation_label_not_verified_organization
"Robotics Research Center, IIIT Hyderabad",1,affiliation_label_not_verified_organization
"Robotics Research Center, IIIT Hyderabad, India",2,affiliation_label_not_verified_organization
Robotics and AI Institute,5,affiliation_label_not_verified_organization
Robotics and Perception Group,1,affiliation_label_not_verified_organization
"Robotics and Perception Group, University of Zurich",1,affiliation_label_not_verified_organization
Robotnik,6,affiliation_label_not_verified_organization
Robotnik Automation SL,1,affiliation_label_not_verified_organization
Rochester Institute of Technology,6,affiliation_label_not_verified_organization
Rochester institute of technology,1,affiliation_label_not_verified_organization
"Room 4603, Changfu Jinmao Building, Hetao, Futian District, Shenzhen, China",1,affiliation_label_not_verified_organization
Rowan University,3,affiliation_label_not_verified_organization
"Royal Holloway, University of London",1,affiliation_label_not_verified_organization
Royal Military College,1,affiliation_label_not_verified_organization
Rutgers University,14,affiliation_label_not_verified_organization
Rutgers University New Brunswick,1,affiliation_label_not_verified_organization
Rutgers University–New Brunswick,1,affiliation_label_not_verified_organization
"Rutgers, the State University of New Jersey",1,affiliation_label_not_verified_organization
SB Intuitions Corp./ Waseda University,1,affiliation_label_not_verified_organization
SEOUL NATIONAL UNIVERSITY,1,affiliation_label_not_verified_organization
SETI Institute,1,affiliation_label_not_verified_organization
"SF Technology Co., Ltd.",1,affiliation_label_not_verified_organization
SHANGHAI JIAO TONG UNIVERSITY,1,affiliation_label_not_verified_organization
"SHENYANG INSTITUTE OF AUTOMATION,CHINESE ACADEMY OF SCIENCES",1,affiliation_label_not_verified_organization
SIAT,1,affiliation_label_not_verified_organization
SINTEF Ocean,1,affiliation_label_not_verified_organization
SNUAILAB,1,affiliation_label_not_verified_organization
SORBONNE UNIVERSITE - Agence comptable,1,affiliation_label_not_verified_organization
SOUTHERN UNIVERSITY OF SCIENCE AND TECHNOLOGY,1,affiliation_label_not_verified_organization
STILL GmbH,2,affiliation_label_not_verified_organization
SUN YAT-SEN UNIVERSITY,1,affiliation_label_not_verified_organization
SUNY Binghamton,5,affiliation_label_not_verified_organization
SUNY Buffalo,1,affiliation_label_not_verified_organization
SUPSI-IDSIA,1,affiliation_label_not_verified_organization
SUSTech,2,affiliation_label_not_verified_organization
SUZHOU UNIVERSITY OF SCIENCE AND TECHNOLOGY,2,affiliation_label_not_verified_organization
Sabanci University,2,affiliation_label_not_verified_organization
Saint Louis University,7,affiliation_label_not_verified_organization
Saitama University,6,affiliation_label_not_verified_organization
Saitama university,1,affiliation_label_not_verified_organization
Sakana AI,2,affiliation_label_not_verified_organization
Samsung AI Center -Cambridge,1,affiliation_label_not_verified_organization
Samsung Electronics,5,affiliation_label_not_verified_organization
Samsung Research,1,affiliation_label_not_verified_organization
Samsung Research America,1,affiliation_label_not_verified_organization
"Samsung Research, Samsung Electronics",1,affiliation_label_not_verified_organization
"Samsung, South Korea",1,affiliation_label_not_verified_organization
Sapienza University of Rome,4,affiliation_label_not_verified_organization
Scaled Foundations,1,affiliation_label_not_verified_organization
Scania,1,affiliation_label_not_verified_organization
"School of Advanced Technology, Xi'an Jiaotong-Liverpool University, Suzhou 215123, China",1,affiliation_label_not_verified_organization
"School of Architecture, Soongsil University",1,affiliation_label_not_verified_organization
"School of Artificial Intelligence, Shenzhen University",1,affiliation_label_not_verified_organization
"School of Automation, Beijing Institute of Technology.",1,affiliation_label_not_verified_organization
"School of Biomedical Engineering and Informatics, Nanjing Medical University",1,affiliation_label_not_verified_organization
School of Computer Science and Technology of Changchun University of Science and Technology,2,affiliation_label_not_verified_organization
"School of Computer and Information Science, Qinghai Institute of Technology",1,affiliation_label_not_verified_organization
"School of Computing Science, University of Glasgow",1,affiliation_label_not_verified_organization
"School of Control Science and Engineering, Shandong University",1,affiliation_label_not_verified_organization
"School of Data Science, Fudan University",1,affiliation_label_not_verified_organization
"School of Information Engineering, Yangzhou University",1,affiliation_label_not_verified_organization
"School of Natural and Mathematical Sciences, King's College London, University of London",1,affiliation_label_not_verified_organization
"School of Robotics and Advanced Manufacturing, Harbin Institute of Technology, Shenzhen",1,affiliation_label_not_verified_organization
"School of Software, Xinjiang University",1,affiliation_label_not_verified_organization
Scoltech,1,affiliation_label_not_verified_organization
Scuola Superiore Sant'Anna,6,affiliation_label_not_verified_organization
Scuola Superiore Sant'Anna - SSSA,1,affiliation_label_not_verified_organization
"Scuola Superiore Sant'Anna, Institute of Intelligent Mechanics, Pisa",1,affiliation_label_not_verified_organization
"SeamoTech Co. Ltd, HKSAR",1,affiliation_label_not_verified_organization
Seikei University,4,affiliation_label_not_verified_organization
Self-Employed,1,affiliation_label_not_verified_organization
Semio,1,affiliation_label_not_verified_organization
Senior Researcher • IIT,1,affiliation_label_not_verified_organization
"Senior Technician, Department of Engineering, Cambridge",1,affiliation_label_not_verified_organization
Seoul National University,79,affiliation_label_not_verified_organization
Seoul National University (SNU),2,affiliation_label_not_verified_organization
Seoul National Univetsity,1,affiliation_label_not_verified_organization
Seoul National Unversity,1,affiliation_label_not_verified_organization
Sereact GmbH,1,affiliation_label_not_verified_organization
Seres,3,affiliation_label_not_verified_organization
ShanDong university,1,affiliation_label_not_verified_organization
Shandong Laboratory of Aluminum Advanced Manufacturing in Binzhou,1,affiliation_label_not_verified_organization
Shandong Normal University,1,affiliation_label_not_verified_organization
Shandong University,27,affiliation_label_not_verified_organization
Shandong University of Science and Technology,1,affiliation_label_not_verified_organization
Shandong university,1,affiliation_label_not_verified_organization
Shang hai jiao tong university,1,affiliation_label_not_verified_organization
ShangHai Jiao Tong University,1,affiliation_label_not_verified_organization
Shanghai AI Lab,3,affiliation_label_not_verified_organization
Shanghai AI Laboratory,4,affiliation_label_not_verified_organization
"Shanghai Aopeng Medical Technology Co., Ltd",1,affiliation_label_not_verified_organization
Shanghai Artificial Intelligence Laboratory,4,affiliation_label_not_verified_organization
Shanghai Innovation Institute,1,affiliation_label_not_verified_organization
"Shanghai Institute of Technical Physics (SITP) , Chinese Academy of Sciences",1,affiliation_label_not_verified_organization
Shanghai Institute of Technical Physics of the Chinese Academy of Sciences,1,affiliation_label_not_verified_organization
Shanghai Jiao Tong Univ,1,affiliation_label_not_verified_organization
Shanghai Jiao Tong University,135,affiliation_label_not_verified_organization
Shanghai Jiao Tong University School of Medicine,1,affiliation_label_not_verified_organization
Shanghai JiaoTong University,3,affiliation_label_not_verified_organization
Shanghai Jiaotong University,4,affiliation_label_not_verified_organization
Shanghai Marine Equipment Research Institute,1,affiliation_label_not_verified_organization
Shanghai Maritime University,1,affiliation_label_not_verified_organization
"Shanghai Ninth People’s Hospital, Shanghai JiaoTong University School of Medicine",1,affiliation_label_not_verified_organization
Shanghai University,2,affiliation_label_not_verified_organization
Shanghai University of Electric Power,1,affiliation_label_not_verified_organization
Shanghai Weiyi Technology,1,affiliation_label_not_verified_organization
"Shanghai Yinwang Intelligent Technology Co., Ltd.",1,affiliation_label_not_verified_organization
Shanghai artificial intelligence laboratory,1,affiliation_label_not_verified_organization
Shanghai university,1,affiliation_label_not_verified_organization
ShanghaiTech University,15,affiliation_label_not_verified_organization
Shanghaitech University,3,affiliation_label_not_verified_organization
Shantou University,3,affiliation_label_not_verified_organization
Shanxi University,3,affiliation_label_not_verified_organization
Sharpa,1,affiliation_label_not_verified_organization
Sharpa Robotics,1,affiliation_label_not_verified_organization
Sheffield Hallam University,2,affiliation_label_not_verified_organization
"ShenZhen Huawei Cloud Computing Technologies Co., Ltd.",1,affiliation_label_not_verified_organization
ShenZhen University,3,affiliation_label_not_verified_organization
"Shenyang Institute Of Automation, Chinese Academy of Sciences",1,affiliation_label_not_verified_organization
"Shenyang Institute of Automation, Chinese Academy of Sciences",8,affiliation_label_not_verified_organization
"Shenyang Institute of Automation, Chinese Academy of Sciences,",1,affiliation_label_not_verified_organization
"Shenyang Institute of Computing Technology Co. Ltd., CAS",1,affiliation_label_not_verified_organization
"Shenyang Institute of Computing Technology, Chinese Academy of Science",1,affiliation_label_not_verified_organization
"Shenyang Institute of Computing Technology, Chinese Academy of Sciences",3,affiliation_label_not_verified_organization
"Shenyang institute of automation, Chinese Academy of Sciences",1,affiliation_label_not_verified_organization
Shenzhen Campus of Sun Yat-Sen University,1,affiliation_label_not_verified_organization
Shenzhen Campus of Sun Yat-sen University,2,affiliation_label_not_verified_organization
"Shenzhen Graduate School, Tsinghua University",1,affiliation_label_not_verified_organization
Shenzhen Institute of Advanced Technology,1,affiliation_label_not_verified_organization
"Shenzhen Institute of Advanced Technology, Chinese Academy of Sciences",3,affiliation_label_not_verified_organization
Shenzhen Institute of Artificial Intelligence and Robotics for Society,2,affiliation_label_not_verified_organization
Shenzhen Institutes of Advanced Technology,3,affiliation_label_not_verified_organization
"Shenzhen Institutes of Advanced Technology, Chinese Academy of Sciences",6,affiliation_label_not_verified_organization
Shenzhen Polytechnic University,1,affiliation_label_not_verified_organization
Shenzhen Research Institute of Big Data,1,affiliation_label_not_verified_organization
Shenzhen Technology University,7,affiliation_label_not_verified_organization
"Shenzhen Tsingding Technology Co., Ltd",1,affiliation_label_not_verified_organization
Shenzhen University,17,affiliation_label_not_verified_organization
"Shenzhen University,",1,affiliation_label_not_verified_organization
"Shenzhen University, Shenzhen 518060, China",1,affiliation_label_not_verified_organization
Shenzhen university,1,affiliation_label_not_verified_organization
Shibaura Institute of Technology,1,affiliation_label_not_verified_organization
Shimizu Corporation,3,affiliation_label_not_verified_organization
SiLC Technologies,5,affiliation_label_not_verified_organization
Sichuan University,9,affiliation_label_not_verified_organization
Siemens,2,affiliation_label_not_verified_organization
Siemens AG,1,affiliation_label_not_verified_organization
Siemens Corporate Technology,1,affiliation_label_not_verified_organization
"Siemens Corporation, Foundational Technologies",1,affiliation_label_not_verified_organization
Siemens Healthineers AG,1,affiliation_label_not_verified_organization
"Siemens, Technische Universität Nürnberg (UTN)",1,affiliation_label_not_verified_organization
Simon Fraser University,17,affiliation_label_not_verified_organization
"SimpleAI, China",1,affiliation_label_not_verified_organization
Singapore MIT Alliance for Research and Technology,1,affiliation_label_not_verified_organization
Singapore Management University,3,affiliation_label_not_verified_organization
Singapore University of Technology and Design,5,affiliation_label_not_verified_organization
Singapore University of Techonlogy and Design,1,affiliation_label_not_verified_organization
Singapore-MIT Alliance for Research and Technology,4,affiliation_label_not_verified_organization
Skolkovo Institute of Science and Technology,18,affiliation_label_not_verified_organization
Skolkovo Institute of Science and Technology (Skoltech),1,affiliation_label_not_verified_organization
"Skolkovo Institute of Science and Technology (Skoltech), Moscow, Russia",1,affiliation_label_not_verified_organization
"Skolkovo Institute of Science and Technology, Intelligent Space Robotics Laboratory",1,affiliation_label_not_verified_organization
Skoltech,4,affiliation_label_not_verified_organization
SmartMore Corporation Limited,1,affiliation_label_not_verified_organization
"SnT, University of Luxembourg",1,affiliation_label_not_verified_organization
Sogang University,5,affiliation_label_not_verified_organization
Sony Depthsensing Solutions NV,2,affiliation_label_not_verified_organization
Sony Group Corporation,2,affiliation_label_not_verified_organization
Sony Semiconductor Solutions,2,affiliation_label_not_verified_organization
Sony Semiconductor Solutions Corporation,9,affiliation_label_not_verified_organization
Sony Semiconductor Solutions corporation,1,affiliation_label_not_verified_organization
Soochow University,8,affiliation_label_not_verified_organization
Sookmyung Women’s University,1,affiliation_label_not_verified_organization
Sophia University,1,affiliation_label_not_verified_organization
Sorbonne Univeristé,1,affiliation_label_not_verified_organization
Sorbonne University,2,affiliation_label_not_verified_organization
Sorbonne Université,3,affiliation_label_not_verified_organization
"Sorbonne Université, CNRS, INSERM, Institut des Systemes Intelligents et de Robotique, ISIR,",1,affiliation_label_not_verified_organization
"Sorbonne Université, ISIR UMR 7222 CNRS",1,affiliation_label_not_verified_organization
Soutern University of Science and Technology,1,affiliation_label_not_verified_organization
South China Agricultural University,2,affiliation_label_not_verified_organization
South China Normal University,1,affiliation_label_not_verified_organization
South China University of Technology,26,affiliation_label_not_verified_organization
South China university of technology,1,affiliation_label_not_verified_organization
Southeast University,53,affiliation_label_not_verified_organization
Southeaster University,1,affiliation_label_not_verified_organization
Southern Methodist University,5,affiliation_label_not_verified_organization
Southern University of Science and Technology,77,affiliation_label_not_verified_organization
Southern University of Science and Technology (SUSTech),1,affiliation_label_not_verified_organization
Southern Universityof Science and Technology,1,affiliation_label_not_verified_organization
Southern university of science and technology,1,affiliation_label_not_verified_organization
Southwest Jiaotong University,1,affiliation_label_not_verified_organization
Southwest University,1,affiliation_label_not_verified_organization
Southwestern University of Finance and Economics,1,affiliation_label_not_verified_organization
"Spinal Cord Injury and Artificial Intelligence Lab, ETH Zurich",1,affiliation_label_not_verified_organization
Spirit AI,3,affiliation_label_not_verified_organization
Spirit-AI,1,affiliation_label_not_verified_organization
Staff Service-Engineering,1,affiliation_label_not_verified_organization
Stanford University,33,affiliation_label_not_verified_organization
"Stanford University, USA",2,affiliation_label_not_verified_organization
"State Key Laboratory of High Performance Computing (HPCL), School of Computer, National University of Defense Technology",1,affiliation_label_not_verified_organization
State University of New York at Buffalo,3,affiliation_label_not_verified_organization
Stellenbosch University,2,affiliation_label_not_verified_organization
Stevens Institute of Technology,2,affiliation_label_not_verified_organization
"Stevens Institute of Technology, USA",1,affiliation_label_not_verified_organization
Stony Brook University,12,affiliation_label_not_verified_organization
Stonybrook University,1,affiliation_label_not_verified_organization
Stormfish Scientific Corp.,1,affiliation_label_not_verified_organization
Subnero,1,affiliation_label_not_verified_organization
"Sumitomo Heavy Industries, Ltd",1,affiliation_label_not_verified_organization
"Sumitomo Heavy Industries, Ltd.",1,affiliation_label_not_verified_organization
"Sumitomo Heavy Industries,Ltd.",1,affiliation_label_not_verified_organization
Sun Yat-Sen University,7,affiliation_label_not_verified_organization
Sun Yat-Sen University.,1,affiliation_label_not_verified_organization
Sun Yat-sen University,38,affiliation_label_not_verified_organization
Sun Yat-sun University,1,affiliation_label_not_verified_organization
Sun Yet-sen University,1,affiliation_label_not_verified_organization
Sun yat-sen University,1,affiliation_label_not_verified_organization
SunRisingAI Ltd.,1,affiliation_label_not_verified_organization
SungKyunKwan University,1,affiliation_label_not_verified_organization
Sungkyunkwan University,12,affiliation_label_not_verified_organization
Sungkyunkwan University (SKKU),1,affiliation_label_not_verified_organization
"Sungkyunkwan University(SKKU), Robotics Innovatory",1,affiliation_label_not_verified_organization
"Sungkyunkwan university, AIDIN ROBOTICS",1,affiliation_label_not_verified_organization
Sungshin Women’s University,1,affiliation_label_not_verified_organization
Sunkyunkwan University,1,affiliation_label_not_verified_organization
"Surgical Innovation and Training Lab, Department of Surgery, College of Medicine, University of Illinois Chicago, Chicago, IL 60",2,affiliation_label_not_verified_organization
"Suzhou Institute of Nano-Tech and Nano-Bionics, Chinese Academy of Sciences",1,affiliation_label_not_verified_organization
Suzhou University Of Science And Technology,1,affiliation_label_not_verified_organization
Suzhou University and Science and Technology,1,affiliation_label_not_verified_organization
Suzhou University of Science and Technology,2,affiliation_label_not_verified_organization
Swedish Defence Research Agency,2,affiliation_label_not_verified_organization
Swiss Federal Institute of Technology (ETH) Zürich,2,affiliation_label_not_verified_organization
Synapath AI,1,affiliation_label_not_verified_organization
Syracuse University,4,affiliation_label_not_verified_organization
TAMU,2,affiliation_label_not_verified_organization
TAMUCC,1,affiliation_label_not_verified_organization
TECHNION,1,affiliation_label_not_verified_organization
THE HONG KONG UNIVERSITY OF SCIENCE AND TECHNOLOGY(GUANGZHOU),1,affiliation_label_not_verified_organization
THE UNIVERSITY OF HONG KONG,1,affiliation_label_not_verified_organization
TOHOKU UNIVERSITY,1,affiliation_label_not_verified_organization
TOKYO INSTITUTE OF TECHNOLOGY,1,affiliation_label_not_verified_organization
TONGJI University,1,affiliation_label_not_verified_organization
TSINGHUA UNIVERSITY,1,affiliation_label_not_verified_organization
TU Berlin,3,affiliation_label_not_verified_organization
TU Braunschweig,2,affiliation_label_not_verified_organization
"TU Braunschweig, IBR, Algorithms Group",1,affiliation_label_not_verified_organization
TU Darmstadt,7,affiliation_label_not_verified_organization
TU Darmstadt & Hessian.AI,1,affiliation_label_not_verified_organization
TU Delft,3,affiliation_label_not_verified_organization
TU Dortmund University,2,affiliation_label_not_verified_organization
TU Muenchen,1,affiliation_label_not_verified_organization
TU Munich,1,affiliation_label_not_verified_organization
TU Wien,5,affiliation_label_not_verified_organization
"TU Wien, Austrian Institute of Technology",1,affiliation_label_not_verified_organization
TU-Graz,1,affiliation_label_not_verified_organization
TUM,2,affiliation_label_not_verified_organization
Taiyuan University of Technology,1,affiliation_label_not_verified_organization
Tallinn University of Technology,2,affiliation_label_not_verified_organization
Tallinn University of Technology (TalTech),1,affiliation_label_not_verified_organization
Tampere University,9,affiliation_label_not_verified_organization
"TeCIP Institute, Scuola Superiore Sant'Anna",1,affiliation_label_not_verified_organization
Tech. Univ. Muenchen TUM,1,affiliation_label_not_verified_organization
Techinical University of Munich,1,affiliation_label_not_verified_organization
"Technical Univ. of Munich, Germany",1,affiliation_label_not_verified_organization
Technical University Berlin,2,affiliation_label_not_verified_organization
Technical University Munich,4,affiliation_label_not_verified_organization
Technical University of Applied Sciences Würzburg-Schweinfurt,3,affiliation_label_not_verified_organization
Technical University of Berlin,1,affiliation_label_not_verified_organization
Technical University of Denmark,5,affiliation_label_not_verified_organization
Technical University of Denmark (DTU),1,affiliation_label_not_verified_organization
Technical University of Kosice,2,affiliation_label_not_verified_organization
"Technical University of Kosice, Faculty of Mechanical Engineering",2,affiliation_label_not_verified_organization
Technical University of Košice,1,affiliation_label_not_verified_organization
Technical University of Munich,60,affiliation_label_not_verified_organization
Technical University of Munich (TUM),2,affiliation_label_not_verified_organization
"Technical University of Munich, German Aerospace Center (DLR)",1,affiliation_label_not_verified_organization
"Technical University of Munich, School of Medicine and Health, TUM University Hospital, Research Group MITI",1,affiliation_label_not_verified_organization
"Technical University of Munich, TUM School of Computation, Information and Technology, Chair of Robotics, Artificial Intelligenc",1,affiliation_label_not_verified_organization
"Technical University of Munich, TUM School of Medicine and Health, Klinikum rechts der Isar, Research Group MITI",1,affiliation_label_not_verified_organization
"Technical University of Munich, TUM School of Medicine and Health, TUM University Hospital",1,affiliation_label_not_verified_organization
Technical University of Vienna,1,affiliation_label_not_verified_organization
Technical university of Munich,1,affiliation_label_not_verified_organization
Technion,5,affiliation_label_not_verified_organization
Technion - Israel Institute of Technology,2,affiliation_label_not_verified_organization
Technion – Israel Institute of Technology,1,affiliation_label_not_verified_organization
Technion--Israel Institute of Technology,3,affiliation_label_not_verified_organization
Technische Hochschule Ingolstadt,3,affiliation_label_not_verified_organization
Technische Universitaet Muenchen,1,affiliation_label_not_verified_organization
Technische Universität Braunschweig,1,affiliation_label_not_verified_organization
Technische Universität Darmstadt,8,affiliation_label_not_verified_organization
Technische Universität Dortmund,1,affiliation_label_not_verified_organization
Technische Universität Dresden,3,affiliation_label_not_verified_organization
Technische Universität München,3,affiliation_label_not_verified_organization
Technische Universität Wien,2,affiliation_label_not_verified_organization
Technische Universität Wien (TU Wien),1,affiliation_label_not_verified_organization
"Technology and Engineering Center for Space Utilization, Chinese Academy of Sciences",1,affiliation_label_not_verified_organization
Tel-Aviv University,1,affiliation_label_not_verified_organization
TeleAI,2,affiliation_label_not_verified_organization
Tencent,4,affiliation_label_not_verified_organization
"Tencent AI Lab, Seattle",1,affiliation_label_not_verified_organization
Tencent America,3,affiliation_label_not_verified_organization
Terasaki Institute for Biomedical Innovation,1,affiliation_label_not_verified_organization
"Terasaki Institute for Biomedical Innovation, Los Angeles, California",1,affiliation_label_not_verified_organization
TetraBOT,1,affiliation_label_not_verified_organization
Texas A&M,5,affiliation_label_not_verified_organization
Texas A&M University,26,affiliation_label_not_verified_organization
Texas A&M University - College Station,1,affiliation_label_not_verified_organization
Texas State University,1,affiliation_label_not_verified_organization
TexasA&M University,1,affiliation_label_not_verified_organization
Textron Aviation,1,affiliation_label_not_verified_organization
The 710 Institute of China State Shipbuilding Corporation Limited,1,affiliation_label_not_verified_organization
The AI Institute,3,affiliation_label_not_verified_organization
The Australian Institute for Machine Learning,1,affiliation_label_not_verified_organization
The Australian National University,1,affiliation_label_not_verified_organization
The BioRobotics Institute - Sant'Anna School of Advanced Studies / Scuola Superiore S. Anna,1,affiliation_label_not_verified_organization
"The Charles Stark Draper Laboratory, Inc.",2,affiliation_label_not_verified_organization
The Chinese University of Hong Kong,46,affiliation_label_not_verified_organization
The Chinese University of Hong Kong (CUHK),1,affiliation_label_not_verified_organization
"The Chinese University of Hong Kong, Shenzhen",30,affiliation_label_not_verified_organization
The Chinese University of Hong Kong，Shenzhen,1,affiliation_label_not_verified_organization
The Chinese University of HongKong,2,affiliation_label_not_verified_organization
"The Chinese University of HongKong,ShenZhen",1,affiliation_label_not_verified_organization
The Chinese Univiersity of Hong Kong(shenzhen),1,affiliation_label_not_verified_organization
"The Chinese Unviersity of Hong Kong, Shenzhen",1,affiliation_label_not_verified_organization
The George Washington University,2,affiliation_label_not_verified_organization
The Hong Kong Polytechnic University,15,affiliation_label_not_verified_organization
The Hong Kong University of Science and Technology,24,affiliation_label_not_verified_organization
The Hong Kong University of Science and Technology (Guangzhou),44,affiliation_label_not_verified_organization
The Hong Kong University of Science and Technology （Guangzhou）,1,affiliation_label_not_verified_organization
The Hong Kong University of Science and Technology(GuangZhou),1,affiliation_label_not_verified_organization
The Hong Kong University of Science and Technology(Guangzhou),5,affiliation_label_not_verified_organization
"The Hong Kong University of Science and Technology, Guangzhou",1,affiliation_label_not_verified_organization
"The Hong Kong University of Science and Technology, Southern University of Science and Technology",1,affiliation_label_not_verified_organization
The Hong Kong University of Science and Technologyg,1,affiliation_label_not_verified_organization
The Hong Kong University of Technology (Guangzhou),1,affiliation_label_not_verified_organization
The Hong Kong university of Science and Technology,1,affiliation_label_not_verified_organization
The HongKong University of Science and Technology (Guangzhou),1,affiliation_label_not_verified_organization
The HongKong University of Science and Technology(Guangzhou),1,affiliation_label_not_verified_organization
The Institute for Human and Machine Cognition and The University of West Florida,1,affiliation_label_not_verified_organization
The Institute of Automation of the Chinese Academy of Sciences,1,affiliation_label_not_verified_organization
The National Institute of Advanced Industrial Science and Technology (AIST),1,affiliation_label_not_verified_organization
The Ohio State University,9,affiliation_label_not_verified_organization
The Pennsylvania State University,2,affiliation_label_not_verified_organization
The Technische Universität München,1,affiliation_label_not_verified_organization
The Third Affiliated Hospital of Sun Yat-sen University,1,affiliation_label_not_verified_organization
The U.S. Army Ground Vehicle Systems Center,1,affiliation_label_not_verified_organization
The Univeersity of Tokyo,1,affiliation_label_not_verified_organization
The University Of Edinburgh,1,affiliation_label_not_verified_organization
The University Of Melbourne,1,affiliation_label_not_verified_organization
The University Of New Mexico,1,affiliation_label_not_verified_organization
The University Of Tokyo,2,affiliation_label_not_verified_organization
The University São Paulo,1,affiliation_label_not_verified_organization
The University fo Manchester,1,affiliation_label_not_verified_organization
The University of Adelaide,3,affiliation_label_not_verified_organization
The University of Alabama,8,affiliation_label_not_verified_organization
"The University of Alabama, Tuscaloosa",1,affiliation_label_not_verified_organization
The University of British Columbia,2,affiliation_label_not_verified_organization
The University of Edinburgh,3,affiliation_label_not_verified_organization
The University of Electro-Communications,4,affiliation_label_not_verified_organization
The University of Electro-Communications (UEC),1,affiliation_label_not_verified_organization
The University of Hong Kong,31,affiliation_label_not_verified_organization
"The University of Hong Kong, China",2,affiliation_label_not_verified_organization
The University of HongKong,1,affiliation_label_not_verified_organization
The University of Manchester,11,affiliation_label_not_verified_organization
The University of New South Wales,3,affiliation_label_not_verified_organization
The University of North Carolina at Chapel Hill,2,affiliation_label_not_verified_organization
The University of Osaka,5,affiliation_label_not_verified_organization
The University of Osaka / Kobe University,1,affiliation_label_not_verified_organization
The University of Padua,1,affiliation_label_not_verified_organization
The University of Queensland,1,affiliation_label_not_verified_organization
The University of Science and Technology (Guangzhou),1,affiliation_label_not_verified_organization
The University of Sheffield,1,affiliation_label_not_verified_organization
The University of Sydney,1,affiliation_label_not_verified_organization
The University of TOkyo,1,affiliation_label_not_verified_organization
The University of Texas,1,affiliation_label_not_verified_organization
The University of Texas at Arlington,1,affiliation_label_not_verified_organization
The University of Texas at Austin,21,affiliation_label_not_verified_organization
The University of Texas at El Paso,3,affiliation_label_not_verified_organization
The University of Tokyo,85,affiliation_label_not_verified_organization
The University of Western Australia,2,affiliation_label_not_verified_organization
The Universityof Texas at Austin,1,affiliation_label_not_verified_organization
The Walt Disney Company,1,affiliation_label_not_verified_organization
The second hospital of shandong university,1,affiliation_label_not_verified_organization
The university of Tokyo,1,affiliation_label_not_verified_organization
This work performed at IPK,2,affiliation_label_not_verified_organization
ThoughtForge AI,7,affiliation_label_not_verified_organization
Tianfu Jiangxi Laboratory,1,affiliation_label_not_verified_organization
Tianjin University,5,affiliation_label_not_verified_organization
"Tianmushan Laboratory, Beihang University",1,affiliation_label_not_verified_organization
Tohoku University,20,affiliation_label_not_verified_organization
"Tohoku University, JAPAN",1,affiliation_label_not_verified_organization
"Tohoku University, Japan",1,affiliation_label_not_verified_organization
Tokyo Institute of Technology,7,affiliation_label_not_verified_organization
Tokyo University of Science,6,affiliation_label_not_verified_organization
TongJi University,1,affiliation_label_not_verified_organization
Tongji Univerisity,1,affiliation_label_not_verified_organization
Tongji University,58,affiliation_label_not_verified_organization
"Tongji University, Shanghai",1,affiliation_label_not_verified_organization
Tongji university,1,affiliation_label_not_verified_organization
TopXGun Robotics,1,affiliation_label_not_verified_organization
Torc Robotics,1,affiliation_label_not_verified_organization
Toronto Metropolitan University,2,affiliation_label_not_verified_organization
"Toshiba Europe, UK",1,affiliation_label_not_verified_organization
Touch & Manipulation Expert,1,affiliation_label_not_verified_organization
Toyohashi University of Technology,2,affiliation_label_not_verified_organization
Toyota Central R&D Labs,1,affiliation_label_not_verified_organization
"Toyota Central R&D Labs., Inc.",3,affiliation_label_not_verified_organization
Toyota Motor North America,1,affiliation_label_not_verified_organization
Toyota Motor North America R&D,1,affiliation_label_not_verified_organization
"Toyota Motor North America, InfoTech Labs",1,affiliation_label_not_verified_organization
"Toyota Motor North America, R&D",1,affiliation_label_not_verified_organization
Toyota NA-R&D,1,affiliation_label_not_verified_organization
Toyota Research Institute,7,affiliation_label_not_verified_organization
Transfyr,1,affiliation_label_not_verified_organization
Transportation Research Center Inc. c/o NHTSA,1,affiliation_label_not_verified_organization
Truman State University,1,affiliation_label_not_verified_organization
Tsinghua,4,affiliation_label_not_verified_organization
Tsinghua Shenzhen International Graduate School,2,affiliation_label_not_verified_organization
"Tsinghua Shenzhen International Graduate School, Tsinghua University",1,affiliation_label_not_verified_organization
Tsinghua Univ.,1,affiliation_label_not_verified_organization
Tsinghua University,205,affiliation_label_not_verified_organization
Tsinghua University School of Vehicle and Mobility,1,affiliation_label_not_verified_organization
"Tsinghua University, China",5,affiliation_label_not_verified_organization
"Tsinghua University, TetraBOT",1,affiliation_label_not_verified_organization
Tsinghua Univiersity,1,affiliation_label_not_verified_organization
Tsinghua Unviersity,1,affiliation_label_not_verified_organization
Tsinghua university,4,affiliation_label_not_verified_organization
Tufts University,9,affiliation_label_not_verified_organization
"Tufts University, USA",1,affiliation_label_not_verified_organization
U.S. DEVCOM Army Research Laboratory,1,affiliation_label_not_verified_organization
U.S. Naval Research Laboratory,1,affiliation_label_not_verified_organization
UBTech Robotics,1,affiliation_label_not_verified_organization
UC Berkeley,15,affiliation_label_not_verified_organization
UC Irvine,1,affiliation_label_not_verified_organization
UC Merced,1,affiliation_label_not_verified_organization
UC San Diego,12,affiliation_label_not_verified_organization
UC San Diego (UCSD),1,affiliation_label_not_verified_organization
UC Santa Cruz,2,affiliation_label_not_verified_organization
UCL,1,affiliation_label_not_verified_organization
UCLA,10,affiliation_label_not_verified_organization
UCLouvain,1,affiliation_label_not_verified_organization
UCSD,6,affiliation_label_not_verified_organization
UESTC,4,affiliation_label_not_verified_organization
UIUC,6,affiliation_label_not_verified_organization
UK Atomic Energy Authority,4,affiliation_label_not_verified_organization
UMBC,1,affiliation_label_not_verified_organization
UMass Amherst,1,affiliation_label_not_verified_organization
UMass Chan Medical School,1,affiliation_label_not_verified_organization
UNC Chapel Hill,1,affiliation_label_not_verified_organization
UNC Chapel Hill and NC State University,1,affiliation_label_not_verified_organization
UNIVERSITY OF CALIFORNIA - LOS ANGELES,1,affiliation_label_not_verified_organization
UNIVERSITY OF NOTRE DAME,1,affiliation_label_not_verified_organization
UNIVERSITY OF PENNSYLVANIA,1,affiliation_label_not_verified_organization
UNIVERSITY OF SOUTHERN CALIFORNIA,1,affiliation_label_not_verified_organization
UNIVERSITY OF WASHINGTON,1,affiliation_label_not_verified_organization
UNSW,2,affiliation_label_not_verified_organization
"UNSW Australia, Canberra",1,affiliation_label_not_verified_organization
UPC & EPFL,1,affiliation_label_not_verified_organization
UPEC Université de Paris Est Créteil,1,affiliation_label_not_verified_organization
US Air Force Research Lab,1,affiliation_label_not_verified_organization
US Army DEVCOM GVSC,1,affiliation_label_not_verified_organization
US Army DEVCOM-GVSC,1,affiliation_label_not_verified_organization
US Army Research Laboratory,2,affiliation_label_not_verified_organization
US. Army Research Laboratory,1,affiliation_label_not_verified_organization
USACE ERDC,1,affiliation_label_not_verified_organization
USC,2,affiliation_label_not_verified_organization
USI and SUPSI,1,affiliation_label_not_verified_organization
USI/SUPSI-IDSIA,1,affiliation_label_not_verified_organization
USP,1,affiliation_label_not_verified_organization
USST,2,affiliation_label_not_verified_organization
USTB,1,affiliation_label_not_verified_organization
USTHK,1,affiliation_label_not_verified_organization
UT Austin,6,affiliation_label_not_verified_organization
UTAD,1,affiliation_label_not_verified_organization
UVA,1,affiliation_label_not_verified_organization
UVify,2,affiliation_label_not_verified_organization
UW-Madison,2,affiliation_label_not_verified_organization
Ulsan National Institute of Science and Technology,2,affiliation_label_not_verified_organization
Uni Bonn | Lamarr Institute,1,affiliation_label_not_verified_organization
Unimore,1,affiliation_label_not_verified_organization
United Kingdom Atomic Energy Authority / University of Oxford,1,affiliation_label_not_verified_organization
United States Military Academy,3,affiliation_label_not_verified_organization
United States Naval Research Laboratory,1,affiliation_label_not_verified_organization
Univ. de Sevilla,1,affiliation_label_not_verified_organization
"Univ. of Genoa, Italy",1,affiliation_label_not_verified_organization
"Univ. of Georgia, USA",1,affiliation_label_not_verified_organization
Univ. of Heidelberg,1,affiliation_label_not_verified_organization
Univ. of Modena & Reggio Emilia,1,affiliation_label_not_verified_organization
"Univ. of Nebraska Omaha, USA",1,affiliation_label_not_verified_organization
Univerisity Carlos III of Madrid,1,affiliation_label_not_verified_organization
"Univeristy of California, San Diego",1,affiliation_label_not_verified_organization
"Univeristy of Montpellier, CNRS-AIST Joint Robotics Laboratory",1,affiliation_label_not_verified_organization
Univeristy of Technology Sydney,1,affiliation_label_not_verified_organization
Universidad Carlos III de Madrid,2,affiliation_label_not_verified_organization
Universidad Pablo De Olavide,1,affiliation_label_not_verified_organization
Universidad Pablo de Olavide,4,affiliation_label_not_verified_organization
Universidad Politecnica de Madrid,2,affiliation_label_not_verified_organization
Universidad Politecnica de Valencia,1,affiliation_label_not_verified_organization
Universidad Politécnica de Madrid,2,affiliation_label_not_verified_organization
Universidad San Sebastian,1,affiliation_label_not_verified_organization
Universidad de Alicante,1,affiliation_label_not_verified_organization
Universidad de Malaga,1,affiliation_label_not_verified_organization
Universidad de Zaragoza,9,affiliation_label_not_verified_organization
Universidade Federal da Paraiba,1,affiliation_label_not_verified_organization
Universidade Federal de Minas Gerais,3,affiliation_label_not_verified_organization
Universidade Federal do Amazonas,1,affiliation_label_not_verified_organization
Universidade Federal do Rio Grande - FURG,1,affiliation_label_not_verified_organization
Universita' di Catania,1,affiliation_label_not_verified_organization
Universita' di Napoli Federico II,1,affiliation_label_not_verified_organization
Universita' di Siena,2,affiliation_label_not_verified_organization
Universitat Politècnica de Catalunya,2,affiliation_label_not_verified_organization
University,1,affiliation_label_not_verified_organization
University Carlos III of Madrid,3,affiliation_label_not_verified_organization
University College Dublin,1,affiliation_label_not_verified_organization
University College London,22,affiliation_label_not_verified_organization
University Hospital and Faculty of Medicine Carl Gustav Carus at TUD Dresden University of Technology,1,affiliation_label_not_verified_organization
"University Hospital and Medical Faculty Carl Gustav Carus, TU Dresden",1,affiliation_label_not_verified_organization
"University Hospital, Department of Neurosurgery, Zurich",1,affiliation_label_not_verified_organization
University Medical Center Groningen,2,affiliation_label_not_verified_organization
University Of Electronic Science And Technology Of China,2,affiliation_label_not_verified_organization
University Of Leicester,1,affiliation_label_not_verified_organization
University Of Michigan,2,affiliation_label_not_verified_organization
University Of Science And Technology Of China,1,affiliation_label_not_verified_organization
University Pablo de Olavide,2,affiliation_label_not_verified_organization
University Paris EST/LISSI/FSATI,1,affiliation_label_not_verified_organization
University Paris Est Créteil,1,affiliation_label_not_verified_organization
University Paris-Est Créteil (UPEC),1,affiliation_label_not_verified_organization
"University Saarland, ZeMA - Center for Mechatronics and Automation gGmbH",1,affiliation_label_not_verified_organization
University at Buffalo,9,affiliation_label_not_verified_organization
"University at Buffalo, SUNY",3,affiliation_label_not_verified_organization
"University at Buffalo, The State University of New York",1,affiliation_label_not_verified_organization
University of Adelaide,4,affiliation_label_not_verified_organization
University of Alabama,1,affiliation_label_not_verified_organization
University of Alberta,5,affiliation_label_not_verified_organization
University of Alicante,2,affiliation_label_not_verified_organization
University of Amsterdam,1,affiliation_label_not_verified_organization
University of Applied Science Coburg,1,affiliation_label_not_verified_organization
University of Applied Sciences Karlsruhe,1,affiliation_label_not_verified_organization
University of Applied Sciences Technikum Wien,1,affiliation_label_not_verified_organization
University of Applied Sciences Würzburg-Schweinfurt,1,affiliation_label_not_verified_organization
University of Arkansas,3,affiliation_label_not_verified_organization
University of Arkansas at Little Rock,1,affiliation_label_not_verified_organization
University of Auckland,7,affiliation_label_not_verified_organization
University of Bamberg,1,affiliation_label_not_verified_organization
University of Basilicata,2,affiliation_label_not_verified_organization
University of Bath,1,affiliation_label_not_verified_organization
University of Birmingham,7,affiliation_label_not_verified_organization
University of Bologna,8,affiliation_label_not_verified_organization
University of Bonn,14,affiliation_label_not_verified_organization
University of Bonn & CARIAD SE,1,affiliation_label_not_verified_organization
University of Bremen,2,affiliation_label_not_verified_organization
"University of Bremen & DFKI, Germany",1,affiliation_label_not_verified_organization
University of Bremen / Universität Bremen,1,affiliation_label_not_verified_organization
University of Bristol,5,affiliation_label_not_verified_organization
University of British Columbia,2,affiliation_label_not_verified_organization
University of Buffalo,1,affiliation_label_not_verified_organization
University of California,3,affiliation_label_not_verified_organization
University of California - Riverside,1,affiliation_label_not_verified_organization
University of California - San Diego,1,affiliation_label_not_verified_organization
University of California Berkeley,1,affiliation_label_not_verified_organization
University of California Los Angeles,2,affiliation_label_not_verified_organization
University of California Merced,1,affiliation_label_not_verified_organization
University of California Riverside,5,affiliation_label_not_verified_organization
University of California San Diego,17,affiliation_label_not_verified_organization
University of California San Francisco,1,affiliation_label_not_verified_organization
University of California Santa Barbara,1,affiliation_label_not_verified_organization
"University of California, Berkeley",28,affiliation_label_not_verified_organization
"University of California, Davis",1,affiliation_label_not_verified_organization
"University of California, Irvine",16,affiliation_label_not_verified_organization
"University of California, Los Angeles",16,affiliation_label_not_verified_organization
"University of California, Los Angeles (UCLA), USA",1,affiliation_label_not_verified_organization
"University of California, Merced",1,affiliation_label_not_verified_organization
"University of California, Riverside",9,affiliation_label_not_verified_organization
"University of California, San Diego",28,affiliation_label_not_verified_organization
"University of California, Santa Barbara",2,affiliation_label_not_verified_organization
"University of California, Santa Cruz",3,affiliation_label_not_verified_organization
University of Cambridge,11,affiliation_label_not_verified_organization
University of Canberra,6,affiliation_label_not_verified_organization
University of Catania,2,affiliation_label_not_verified_organization
University of Central Florida,4,affiliation_label_not_verified_organization
University of Cergy Pontoise,1,affiliation_label_not_verified_organization
University of Chicago / Argonne,1,affiliation_label_not_verified_organization
University of Chinese Academy of Sciences,30,affiliation_label_not_verified_organization
"University of Chinese Academy of Sciences, China",1,affiliation_label_not_verified_organization
University of Colorado,1,affiliation_label_not_verified_organization
University of Colorado Boulder,5,affiliation_label_not_verified_organization
University of Colorado Denver,4,affiliation_label_not_verified_organization
University of Connecticut,7,affiliation_label_not_verified_organization
University of Connenticut,1,affiliation_label_not_verified_organization
University of Conneticut,1,affiliation_label_not_verified_organization
University of Copenhagen,1,affiliation_label_not_verified_organization
University of Cyprus,2,affiliation_label_not_verified_organization
University of Dayton,1,affiliation_label_not_verified_organization
University of Delaware,16,affiliation_label_not_verified_organization
University of Edinburgh,8,affiliation_label_not_verified_organization
University of Electronic Science and Technology,1,affiliation_label_not_verified_organization
University of Electronic Science and Technology of China,18,affiliation_label_not_verified_organization
University of Electronic Science and technology,1,affiliation_label_not_verified_organization
University of Ferrara,1,affiliation_label_not_verified_organization
University of Florence,1,affiliation_label_not_verified_organization
University of Florida,20,affiliation_label_not_verified_organization
University of Freiburg,11,affiliation_label_not_verified_organization
"University of Freiburg, Germany",1,affiliation_label_not_verified_organization
University of Gent,1,affiliation_label_not_verified_organization
University of Geogia,1,affiliation_label_not_verified_organization
University of Georgia,16,affiliation_label_not_verified_organization
University of Glasgow,13,affiliation_label_not_verified_organization
University of Groningen,4,affiliation_label_not_verified_organization
University of Hamburg,4,affiliation_label_not_verified_organization
University of Hawaii at Manoa,9,affiliation_label_not_verified_organization
University of Hawaiʻi at Mānoa,1,affiliation_label_not_verified_organization
University of Hawai‘i at Manoa,1,affiliation_label_not_verified_organization
University of Hong Kong,8,affiliation_label_not_verified_organization
University of Houston,9,affiliation_label_not_verified_organization
"University of Ilinois, Urbana Champagne",1,affiliation_label_not_verified_organization
University of Illinois,1,affiliation_label_not_verified_organization
University of Illinois Chicago,12,affiliation_label_not_verified_organization
University of Illinois Urbana Champaign,2,affiliation_label_not_verified_organization
University of Illinois Urbana-Champaign,32,affiliation_label_not_verified_organization
University of Illinois Urbana-Champaign (UIUC),1,affiliation_label_not_verified_organization
University of Illinois at Chicago,6,affiliation_label_not_verified_organization
"University of Illinois at Chicago (UIC), Chicago, USA",1,affiliation_label_not_verified_organization
University of Illinois at Urbana Champaign,8,affiliation_label_not_verified_organization
University of Illinois at Urbana-Champaign,19,affiliation_label_not_verified_organization
"University of Illinois, Urbana-Champaign",1,affiliation_label_not_verified_organization
University of Information Technology,1,affiliation_label_not_verified_organization
University of Kentucky,2,affiliation_label_not_verified_organization
University of Klagenfurt,1,affiliation_label_not_verified_organization
University of Konstanz,2,affiliation_label_not_verified_organization
University of L'Aquila,2,affiliation_label_not_verified_organization
University of Leicester,3,affiliation_label_not_verified_organization
University of Liege,1,affiliation_label_not_verified_organization
University of Lincoln,2,affiliation_label_not_verified_organization
University of Liverpool,18,affiliation_label_not_verified_organization
University of Liège,3,affiliation_label_not_verified_organization
"University of Lorraine, CRAN-CNRS, France",1,affiliation_label_not_verified_organization
University of Louisville,7,affiliation_label_not_verified_organization
University of Luxembourg,10,affiliation_label_not_verified_organization
University of Macau,11,affiliation_label_not_verified_organization
"University of Macau, Xiaomi EV",1,affiliation_label_not_verified_organization
University of Malaga,2,affiliation_label_not_verified_organization
University of Manchester,6,affiliation_label_not_verified_organization
"University of Manchester, UK",1,affiliation_label_not_verified_organization
University of Manitoba,2,affiliation_label_not_verified_organization
University of Maryland,24,affiliation_label_not_verified_organization
University of Maryland / National Institute of Standards and Technology,1,affiliation_label_not_verified_organization
University of Maryland College Park,4,affiliation_label_not_verified_organization
University of Maryland College Park (UMCP),2,affiliation_label_not_verified_organization
University of Maryland at College Park,1,affiliation_label_not_verified_organization
"University of Maryland, College Park",22,affiliation_label_not_verified_organization
"University of Maryland, College Park, MJPRU",1,affiliation_label_not_verified_organization
"University of Maryland, college park",1,affiliation_label_not_verified_organization
University of Maryland-College Park,1,affiliation_label_not_verified_organization
University of Massachusetts Amherst,4,affiliation_label_not_verified_organization
University of Massachusetts Lowell,4,affiliation_label_not_verified_organization
University of Masssachusetts Lowell,1,affiliation_label_not_verified_organization
University of Michigan,54,affiliation_label_not_verified_organization
University of Michigan - Ann Arbor,3,affiliation_label_not_verified_organization
University of Michigan Ann Arbor,3,affiliation_label_not_verified_organization
University of Michigan at Ann Arbor,1,affiliation_label_not_verified_organization
"University of Michigan, Ann Arbor",8,affiliation_label_not_verified_organization
"University of Michigan, USA",1,affiliation_label_not_verified_organization
University of Milan,1,affiliation_label_not_verified_organization
University of Minnesota,7,affiliation_label_not_verified_organization
University of Minnesota Twin Cities,1,affiliation_label_not_verified_organization
"University of Minnesota, Twin Cities",1,affiliation_label_not_verified_organization
University of Modena and Reggio Emilia,9,affiliation_label_not_verified_organization
University of Modena and Reggio Emilia (UNIMORE),1,affiliation_label_not_verified_organization
University of Moratuwa,1,affiliation_label_not_verified_organization
"University of Naples ""Federico II""",1,affiliation_label_not_verified_organization
University of Naples Federico II,4,affiliation_label_not_verified_organization
University of Nebraksa - Lincoln,1,affiliation_label_not_verified_organization
University of Nebraska - Lincoln,1,affiliation_label_not_verified_organization
University of Nebraska-Lincoln,4,affiliation_label_not_verified_organization
University of Nevada Las Vegas,1,affiliation_label_not_verified_organization
University of Nevada Reno,3,affiliation_label_not_verified_organization
University of Nevada at Reno,1,affiliation_label_not_verified_organization
"University of Nevada, Las Vegas",2,affiliation_label_not_verified_organization
"University of Nevada, Las Vegas (UNLV)",1,affiliation_label_not_verified_organization
"University of Nevada, Reno",8,affiliation_label_not_verified_organization
University of New Hampshire,4,affiliation_label_not_verified_organization
University of New Mexico,1,affiliation_label_not_verified_organization
University of New Orleans,4,affiliation_label_not_verified_organization
University of New South Wales,7,affiliation_label_not_verified_organization
University of North Carolina at Chapel Hill,6,affiliation_label_not_verified_organization
University of North Carolina at Charlotte,1,affiliation_label_not_verified_organization
University of North Texas,5,affiliation_label_not_verified_organization
University of Notre Dame,23,affiliation_label_not_verified_organization
"University of Notre Dame, Electrical Engineering",1,affiliation_label_not_verified_organization
University of Nottingham,5,affiliation_label_not_verified_organization
University of Nottingham (UoN),1,affiliation_label_not_verified_organization
University of Nottingham Ningbo China,2,affiliation_label_not_verified_organization
University of Oslo,1,affiliation_label_not_verified_organization
University of Ottawa,2,affiliation_label_not_verified_organization
University of Oxford,7,affiliation_label_not_verified_organization
University of Padova,9,affiliation_label_not_verified_organization
University of Padua,2,affiliation_label_not_verified_organization
University of Paris Est Créteil (UPEC),1,affiliation_label_not_verified_organization
University of Paris Est Créteil - (UPEC),2,affiliation_label_not_verified_organization
University of Paris-Est Créteil,2,affiliation_label_not_verified_organization
University of Patras,2,affiliation_label_not_verified_organization
University of Pennsylvania,46,affiliation_label_not_verified_organization
"University of Pennsylvania, Honda Research Institute USA",1,affiliation_label_not_verified_organization
"University of Pennsylvania, King Saud University.",1,affiliation_label_not_verified_organization
University of Pisa,6,affiliation_label_not_verified_organization
University of Porto,1,affiliation_label_not_verified_organization
University of Portsmouth,1,affiliation_label_not_verified_organization
University of Rhode Island,1,affiliation_label_not_verified_organization
University of Rijeka,2,affiliation_label_not_verified_organization
University of Sao Paulo,1,affiliation_label_not_verified_organization
University of Science,5,affiliation_label_not_verified_organization
University of Science and Technology Beijing,6,affiliation_label_not_verified_organization
University of Science and Technology of China,46,affiliation_label_not_verified_organization
University of Science and Technology of China (USTC),1,affiliation_label_not_verified_organization
"University of Science and Technology of China, Department of Automation",1,affiliation_label_not_verified_organization
University of Science and Technology of China（USTC）,1,affiliation_label_not_verified_organization
University of Sciences and Technology of China,1,affiliation_label_not_verified_organization
University of Seville,1,affiliation_label_not_verified_organization
University of Sheffield,7,affiliation_label_not_verified_organization
University of Siegen,1,affiliation_label_not_verified_organization
University of Siena,3,affiliation_label_not_verified_organization
University of South Carolina,4,affiliation_label_not_verified_organization
University of South China,1,affiliation_label_not_verified_organization
University of South Dakota,1,affiliation_label_not_verified_organization
University of South Florida,5,affiliation_label_not_verified_organization
University of Southern California,58,affiliation_label_not_verified_organization
University of Stuttgart,11,affiliation_label_not_verified_organization
University of Sydney,5,affiliation_label_not_verified_organization
"University of Sydney, NVIDIA",1,affiliation_label_not_verified_organization
University of São Paulo,2,affiliation_label_not_verified_organization
University of São Paulo - USP,1,affiliation_label_not_verified_organization
University of Technology Delft,1,affiliation_label_not_verified_organization
University of Technology Nuremberg,3,affiliation_label_not_verified_organization
University of Technology Sydney,15,affiliation_label_not_verified_organization
"University of Technology, Sydney",3,affiliation_label_not_verified_organization
University of Tennessee,2,affiliation_label_not_verified_organization
University of Tennessee Knoxville,1,affiliation_label_not_verified_organization
"University of Tennessee, Knoxville",1,affiliation_label_not_verified_organization
University of Texas at Arlington,2,affiliation_label_not_verified_organization
University of Texas at Austin,29,affiliation_label_not_verified_organization
University of Texas at Dallas,1,affiliation_label_not_verified_organization
University of Thessaly,1,affiliation_label_not_verified_organization
University of Tokyo,8,affiliation_label_not_verified_organization
University of Toronto,27,affiliation_label_not_verified_organization
"University of Toronto,NVIDIA",1,affiliation_label_not_verified_organization
University of Tsukuba,16,affiliation_label_not_verified_organization
"University of Tsukuba, Fujitsu Limited",1,affiliation_label_not_verified_organization
University of Tulsa,2,affiliation_label_not_verified_organization
University of Turku,9,affiliation_label_not_verified_organization
University of Twente,9,affiliation_label_not_verified_organization
University of Tübingen,4,affiliation_label_not_verified_organization
University of Ulm,1,affiliation_label_not_verified_organization
University of Utah,9,affiliation_label_not_verified_organization
University of Vermont,1,affiliation_label_not_verified_organization
University of Virginia,16,affiliation_label_not_verified_organization
University of Washington,27,affiliation_label_not_verified_organization
"University of Washington, Seattle",1,affiliation_label_not_verified_organization
University of Waterloo,9,affiliation_label_not_verified_organization
University of Western Australia,1,affiliation_label_not_verified_organization
University of Wisconsin - Madison,3,affiliation_label_not_verified_organization
University of Wisconsin -- Madison,1,affiliation_label_not_verified_organization
University of Wisconsin Madison,3,affiliation_label_not_verified_organization
"University of Wisconsin, Madison",1,affiliation_label_not_verified_organization
University of Wisconsin-Madison,23,affiliation_label_not_verified_organization
University of Wisconsin–Madison,3,affiliation_label_not_verified_organization
University of Wollongong,2,affiliation_label_not_verified_organization
University of Wollongong and Amazon Web Services,1,affiliation_label_not_verified_organization
University of Wyoming,2,affiliation_label_not_verified_organization
University of Würzburg,1,affiliation_label_not_verified_organization
University of Yamanashi,6,affiliation_label_not_verified_organization
University of York,1,affiliation_label_not_verified_organization
University of Zaragoza,6,affiliation_label_not_verified_organization
University of Zurich,8,affiliation_label_not_verified_organization
University of michigan,1,affiliation_label_not_verified_organization
University of the Bundeswehr Munich,1,affiliation_label_not_verified_organization
Università degli Studi della Basilicata,1,affiliation_label_not_verified_organization
Università degli Studi di Catania,1,affiliation_label_not_verified_organization
Università degli Studi di Milano,1,affiliation_label_not_verified_organization
Università degli Studi di Modena e Reggio Emilia,1,affiliation_label_not_verified_organization
Università degli Studi di Padova,1,affiliation_label_not_verified_organization
Università degli studi di Padova,1,affiliation_label_not_verified_organization
Università della Basilicata,1,affiliation_label_not_verified_organization
"Università della Svizzera italiana, IDSIA",1,affiliation_label_not_verified_organization
Università di Modena e Reggio Emilia,2,affiliation_label_not_verified_organization
Università di Napoli Federico II,1,affiliation_label_not_verified_organization
Università di Pisa,1,affiliation_label_not_verified_organization
Università di Siena,1,affiliation_label_not_verified_organization
Università di Trento,2,affiliation_label_not_verified_organization
Universität der Bundeswehr München,1,affiliation_label_not_verified_organization
Université Bourgogne Europe,1,affiliation_label_not_verified_organization
Université Grenoble Alpes,1,affiliation_label_not_verified_organization
Université Laval,5,affiliation_label_not_verified_organization
Université Lyon Claude Bernard,1,affiliation_label_not_verified_organization
Université Paris Est Créteil,2,affiliation_label_not_verified_organization
"Université Paris Saclay, CEA, LIST, F-91120 Palaiseau, France.",1,affiliation_label_not_verified_organization
Université Paris-Est Créteil,1,affiliation_label_not_verified_organization
"Université Paris-Saclay, CEA, List",2,affiliation_label_not_verified_organization
Université Pierre et Marie Curie,1,affiliation_label_not_verified_organization
"Université Pierre et Marie Curie, Paris 6",1,affiliation_label_not_verified_organization
Université de Montpellier,1,affiliation_label_not_verified_organization
Université de Montréal,1,affiliation_label_not_verified_organization
Université de Picardie Jules Verne,2,affiliation_label_not_verified_organization
Univesity of Konstanz,1,affiliation_label_not_verified_organization
Univiersity of Hong Kong,1,affiliation_label_not_verified_organization
Unknown affiliation,70,affiliation_label_not_verified_organization
Unknown affiliation (contact detail omitted),2,affiliation_label_not_verified_organization
Unversity of Electronic Science and Tehcnology of China,1,affiliation_label_not_verified_organization
Unvirisity of New Hampshire,1,affiliation_label_not_verified_organization
Utah State University,4,affiliation_label_not_verified_organization
Utrecht University,3,affiliation_label_not_verified_organization
VISTEC,1,affiliation_label_not_verified_organization
VISTEC : Vidyasirimedhi Institute of Science and Technology,1,affiliation_label_not_verified_organization
Vanderbilt University,6,affiliation_label_not_verified_organization
Vbot,1,affiliation_label_not_verified_organization
Vector Institute / University of Toronto,1,affiliation_label_not_verified_organization
Velodex Robotics,1,affiliation_label_not_verified_organization
Viam,1,affiliation_label_not_verified_organization
Vidyasirimedhi Institute of Science and Technology,2,affiliation_label_not_verified_organization
Vidyasirimedhi Institute of Science and Technology (VISTEC),3,affiliation_label_not_verified_organization
Vidyasirimedhi institute of science and technology,1,affiliation_label_not_verified_organization
Vienna University of Technology (TU Wien),1,affiliation_label_not_verified_organization
VinUni,1,affiliation_label_not_verified_organization
VinUniversity,2,affiliation_label_not_verified_organization
Virginia Polytechnic Institute and State University,4,affiliation_label_not_verified_organization
Virginia Tech,17,affiliation_label_not_verified_organization
Volkswagen Group of America Innovation and Engineering Center California,1,affiliation_label_not_verified_organization
Vrije Universiteit Amsterdam,3,affiliation_label_not_verified_organization
Vrije Universiteit Brussel,1,affiliation_label_not_verified_organization
WIRobotics Inc.,1,affiliation_label_not_verified_organization
Wageningen University,5,affiliation_label_not_verified_organization
Wageningen University and Research,1,affiliation_label_not_verified_organization
Waseda University,13,affiliation_label_not_verified_organization
"Waseda University / Hitachi, Ltd.",1,affiliation_label_not_verified_organization
Waseda university,2,affiliation_label_not_verified_organization
Washington State University,2,affiliation_label_not_verified_organization
Washington University in St. Louis,3,affiliation_label_not_verified_organization
Washingtong University in Saint Louis,1,affiliation_label_not_verified_organization
Waymo,9,affiliation_label_not_verified_organization
Waymo LLC,5,affiliation_label_not_verified_organization
Waymo Research,1,affiliation_label_not_verified_organization
"Waytous Inc., Qingdao 266109, China",1,affiliation_label_not_verified_organization
"Weinberg Medical Physics, Inc.",1,affiliation_label_not_verified_organization
Wenzhou-Kean University,1,affiliation_label_not_verified_organization
West Virginia University,6,affiliation_label_not_verified_organization
Western China Science City Innovation Center of Intelligent and Connected Vehicles,1,affiliation_label_not_verified_organization
Western Sydney University,1,affiliation_label_not_verified_organization
Western University,1,affiliation_label_not_verified_organization
Westlake University,24,affiliation_label_not_verified_organization
Westlake university,1,affiliation_label_not_verified_organization
WestlakeUniversity,1,affiliation_label_not_verified_organization
Wichita State University,2,affiliation_label_not_verified_organization
William & Mary,4,affiliation_label_not_verified_organization
Woods Hole Oceanographic Institute,1,affiliation_label_not_verified_organization
Woods Hole Oceanographic Institution,1,affiliation_label_not_verified_organization
Worcester Polytechnic Institute,7,affiliation_label_not_verified_organization
Workday,1,affiliation_label_not_verified_organization
WuHan University,2,affiliation_label_not_verified_organization
WuHan university,1,affiliation_label_not_verified_organization
Wuhan Digital Engineering Institute,4,affiliation_label_not_verified_organization
"Wuhan Huaweike Intelligent Technology Co., Ltd",1,affiliation_label_not_verified_organization
Wuhan University,29,affiliation_label_not_verified_organization
"Wuhan Zhenyou Technology Co., Ltd",1,affiliation_label_not_verified_organization
XIDIAN University,1,affiliation_label_not_verified_organization
"XMotors USA, Inc.",1,affiliation_label_not_verified_organization
XPeng,4,affiliation_label_not_verified_organization
XPeng motors,2,affiliation_label_not_verified_organization
Xi'an Jiaotong University,37,affiliation_label_not_verified_organization
Xi'an Jiaotong-Liverpool University,11,affiliation_label_not_verified_organization
Xi'an Jiaotong-Liverpool university,1,affiliation_label_not_verified_organization
Xi'an University of Architecture and Technology,1,affiliation_label_not_verified_organization
Xi'an University of Technology,1,affiliation_label_not_verified_organization
Xiamen University,7,affiliation_label_not_verified_organization
Xiamen University Malaysia,1,affiliation_label_not_verified_organization
Xian Jiaotong University,1,affiliation_label_not_verified_organization
XianJiaoTong-Liverpool University,1,affiliation_label_not_verified_organization
XiangTan University,1,affiliation_label_not_verified_organization
Xiangtan University,1,affiliation_label_not_verified_organization
XiaoMI EV,1,affiliation_label_not_verified_organization
Xiaomi Robotics,2,affiliation_label_not_verified_organization
Xidian University,6,affiliation_label_not_verified_organization
Xinjiang University,2,affiliation_label_not_verified_organization
Xinjiang university,1,affiliation_label_not_verified_organization
Xi’an Jiaotong University,1,affiliation_label_not_verified_organization
Xi’an Jiaotong-Liverpool University,5,affiliation_label_not_verified_organization
Xpeng,1,affiliation_label_not_verified_organization
Xpeng motors,1,affiliation_label_not_verified_organization
Yale,1,affiliation_label_not_verified_organization
Yale University,10,affiliation_label_not_verified_organization
Yamagata University,2,affiliation_label_not_verified_organization
Yele University,1,affiliation_label_not_verified_organization
Yokohama City University,2,affiliation_label_not_verified_organization
York University,2,affiliation_label_not_verified_organization
ZEISS,1,affiliation_label_not_verified_organization
ZJU,1,affiliation_label_not_verified_organization
ZeMA - Zentrum für Mechatronik und Automatisierungstechnik gemeinnützige GmbH,1,affiliation_label_not_verified_organization
ZeMA gGmbh,1,affiliation_label_not_verified_organization
ZeMa gGmbH,1,affiliation_label_not_verified_organization
Zelostech,2,affiliation_label_not_verified_organization
ZheJiang University,1,affiliation_label_not_verified_organization
ZheJiangUniversity,1,affiliation_label_not_verified_organization
Zhejiang Gongshang University,2,affiliation_label_not_verified_organization
Zhejiang Lab,1,affiliation_label_not_verified_organization
Zhejiang Sci-Tech University,1,affiliation_label_not_verified_organization
Zhejiang Univerisity,1,affiliation_label_not_verified_organization
Zhejiang University,152,affiliation_label_not_verified_organization
Zhejiang University & Westlake University,1,affiliation_label_not_verified_organization
Zhejiang University of Technology,3,affiliation_label_not_verified_organization
"Zhejiang University of Technology, China",1,affiliation_label_not_verified_organization
Zhejiang University of Tehnology,1,affiliation_label_not_verified_organization
"Zhejiang University, Huzhou Institute of Zhejiang University",1,affiliation_label_not_verified_organization
Zhejiang Unviersity,1,affiliation_label_not_verified_organization
Zhejiang Wanli University,1,affiliation_label_not_verified_organization
Zhejiang university,3,affiliation_label_not_verified_organization
Zhengzhou University,1,affiliation_label_not_verified_organization
"Zhengzhou University of Light Industry, China",1,affiliation_label_not_verified_organization
Zoological Institute at the University of Kiel,1,affiliation_label_not_verified_organization
Zurich University of Applied Science,1,affiliation_label_not_verified_organization
Zurich University of Applied Sciences,2,affiliation_label_not_verified_organization
ajou university,1,affiliation_label_not_verified_organization
beihang university,1,affiliation_label_not_verified_organization
beijing institute of technology,1,affiliation_label_not_verified_organization
beijing university of chemical technology,1,affiliation_label_not_verified_organization
carnegie mellon university,2,affiliation_label_not_verified_organization
carnige mellon university,1,affiliation_label_not_verified_organization
chongqing university,1,affiliation_label_not_verified_organization
cowarobot,1,affiliation_label_not_verified_organization
cuhk,1,affiliation_label_not_verified_organization
d-robotics,1,affiliation_label_not_verified_organization
delft university of technology,1,affiliation_label_not_verified_organization
dongguk university,1,affiliation_label_not_verified_organization
ePyBot Intelligence Ltd.,2,affiliation_label_not_verified_organization
east china normal university,1,affiliation_label_not_verified_organization
fudan university,3,affiliation_label_not_verified_organization
guangdong university of technology,1,affiliation_label_not_verified_organization
happy elements,1,affiliation_label_not_verified_organization
harbin institute of technology,2,affiliation_label_not_verified_organization
hkust-gz,1,affiliation_label_not_verified_organization
huazhong university of science and technology,1,affiliation_label_not_verified_organization
hunan university,1,affiliation_label_not_verified_organization
"iMotion Automotive Technology (Suzhou) Co., Ltd",1,affiliation_label_not_verified_organization
imperial college london,1,affiliation_label_not_verified_organization
inria lyon,1,affiliation_label_not_verified_organization
karlsruhe institute of technology,2,affiliation_label_not_verified_organization
korea advanced institute of science and technology (KAIST),1,affiliation_label_not_verified_organization
kyunghee University,1,affiliation_label_not_verified_organization
liauto Inc.,1,affiliation_label_not_verified_organization
linkerhand,1,affiliation_label_not_verified_organization
meituan,3,affiliation_label_not_verified_organization
monash university,1,affiliation_label_not_verified_organization
n/a,1,affiliation_label_not_verified_organization
nanjing university,1,affiliation_label_not_verified_organization
national university of defense technology,1,affiliation_label_not_verified_organization
niigata university,1,affiliation_label_not_verified_organization
northeastern university,1,affiliation_label_not_verified_organization
null,1,affiliation_label_not_verified_organization
peking university,1,affiliation_label_not_verified_organization
seoul national university,1,affiliation_label_not_verified_organization
shandong University,1,affiliation_label_not_verified_organization
shanghaitech university,1,affiliation_label_not_verified_organization
shenzhen university,1,affiliation_label_not_verified_organization
south china university of technology,1,affiliation_label_not_verified_organization
southeast university,3,affiliation_label_not_verified_organization
southwest jiaotong university,1,affiliation_label_not_verified_organization
sun yat-sen university,1,affiliation_label_not_verified_organization
sungkyunkwan university,1,affiliation_label_not_verified_organization
tapall.ai,1,affiliation_label_not_verified_organization
the Hong Kong University of Science and Technology (Guangzhou),1,affiliation_label_not_verified_organization
the Ludwig Maximilian University of Munich,1,affiliation_label_not_verified_organization
the Second Qilu Hospital of Shandong University,1,affiliation_label_not_verified_organization
"the State Key Laboratory of Robotics and System, Robotics Institute, Harbin Institute of Technology, Harbin 150080, CHINA",1,affiliation_label_not_verified_organization
the University of Electro-Communications,1,affiliation_label_not_verified_organization
the University of Texas at Austin,1,affiliation_label_not_verified_organization
the University of Tokyo,3,affiliation_label_not_verified_organization
the chinese university of hong kong,1,affiliation_label_not_verified_organization
the chinese university of hongkong,1,affiliation_label_not_verified_organization
tongji university,2,affiliation_label_not_verified_organization
tsinghua university,1,affiliation_label_not_verified_organization
ucd,1,affiliation_label_not_verified_organization
univeristy of Sydney,1,affiliation_label_not_verified_organization
university of Birmingham,1,affiliation_label_not_verified_organization
university of Glasgow,1,affiliation_label_not_verified_organization
"university of Maryland, College Park",1,affiliation_label_not_verified_organization
university of arkansas at little rock,1,affiliation_label_not_verified_organization
university of chinese academy of science,1,affiliation_label_not_verified_organization
university of florida,1,affiliation_label_not_verified_organization
university of illinois urbana-champaign,1,affiliation_label_not_verified_organization
university of pennsylvania,1,affiliation_label_not_verified_organization
university of sussex,1,affiliation_label_not_verified_organization
university of texas at austin,1,affiliation_label_not_verified_organization
veridai labs,1,affiliation_label_not_verified_organization
vidyasirimedhi institute of science and technology,1,affiliation_label_not_verified_organization
xiaopeng,1,affiliation_label_not_verified_organization
zhejiang university,3,affiliation_label_not_verified_organization
zhuoyu technology L.t.d,1,affiliation_label_not_verified_organization
École Centrale Lille,1,affiliation_label_not_verified_organization
École Centrale de Lyon,1,affiliation_label_not_verified_organization
École Polytechnique Fédérale de Lausanne,2,affiliation_label_not_verified_organization
Örebro University,3,affiliation_label_not_verified_organization
Örebro Univesity,1,affiliation_label_not_verified_organization
İstanbul Technical University,1,affiliation_label_not_verified_organization
‌University of Science and Technology of China,1,affiliation_label_not_verified_organization
